file name	dimension	resolution	dwi count(b0/dwi)	max b-value	DWI contrast	neighboring DWI correlation	neighboring DWI correlation(masked)	#bad slices	outlier
sub-0002_ses-02_dwi.sz	128 128 55	1.79688 1.79688 2	11/94	1150	1.055699	0.872281	0.598553	0	0
sub-0008_ses-01_dwi.sz	128 128 55	1.79688 1.79688 2	11/94	1150	1.01091	0.871803	0.634113	2	0
sub-0009_ses-01_dwi.sz	128 128 55	1.79688 1.79688 2	11/94	1150	1.019363	0.846694	0.607997	177	0
sub-0012_ses-01_dwi.sz	128 128 55	1.79688 1.79688 2	11/94	1150	1.044754	0.877264	0.600857	2	0
sub-0013_ses-01_dwi.sz	128 128 55	1.79688 1.79688 2	11/94	1150	1.268469	0.864599	0.776755	32	0
sub-0017_ses-01_dwi.sz	128 128 55	1.79688 1.79688 2	11/94	1150	1.270959	0.83646	0.658618	83	0
sub-0019_ses-01_dwi.sz	128 128 55	1.79688 1.79688 2	11/94	1150	1.033425	0.872916	0.587052	13	0
sub-0020_ses-01_dwi.sz	128 128 55	1.79688 1.79688 2	11/94	1150	1.045167	0.868566	0.591185	64	0
sub-0022_ses-01_dwi.sz	128 128 55	1.79688 1.79688 2	11/94	1150	1.331929	0.843816	0.600767	79	0
sub-0023_ses-01_dwi.sz	128 128 55	1.79688 1.79688 2	11/94	1150	1.015845	0.782011	0.626156	949	0
sub-0028_ses-01_dwi.sz	128 128 55	1.79688 1.79688 2	11/94	1150	1.054599	0.865667	0.5667	16	0
sub-0029_ses-01_dwi.sz	128 128 55	1.79688 1.79688 2	11/94	1150	1.042722	0.831329	0.57338	79	0
sub-0031_ses-01_dwi.sz	128 128 55	1.79688 1.79688 2	11/94	1150	1.211175	0.851394	0.761102	24	0
sub-0032_ses-01_dwi.sz	128 128 55	1.79688 1.79688 2	11/94	1150	1.022941	0.879168	0.642594	1	0
sub-0033_ses-01_dwi.sz	128 128 55	1.79688 1.79688 2	11/94	1150	1.017797	0.862885	0.640527	24	0
sub-0034_ses-01_dwi.sz	128 128 55	1.79688 1.79688 2	11/94	1150	1.030512	0.876421	0.611695	9	0
sub-0035_ses-01_dwi.sz	128 128 55	1.79688 1.79688 2	11/94	1150	1.069738	0.872547	0.626351	160	0
sub-0039_ses-01_dwi.sz	128 128 55	1.79688 1.79688 2	11/94	1150	1.030069	0.86915	0.619276	16	0
sub-0042_ses-01_dwi.sz	128 128 55	1.79688 1.79688 2	11/94	1150	1.344158	0.882678	0.80597	0	0
sub-0044_ses-01_dwi.sz	128 128 55	1.79688 1.79688 2	11/94	1150	1.030709	0.879362	0.675613	9	0
sub-0045_ses-01_dwi.sz	128 128 55	1.79688 1.79688 2	11/94	1150	1.040817	0.887247	0.579093	6	0
sub-0046_ses-01_dwi.sz	128 128 55	1.79688 1.79688 2	11/94	1150	1.311158	0.863476	0.716244	59	0
sub-0048_ses-01_dwi.sz	128 128 55	1.79688 1.79688 2	11/94	1150	1.377245	0.872963	0.738046	3	0
sub-0049_ses-01_dwi.sz	128 128 55	1.79688 1.79688 2	11/94	1150	1.326226	0.844795	0.70731	97	0
sub-0050_ses-01_dwi.sz	128 128 55	1.79688 1.79688 2	11/94	1150	1.033147	0.855779	0.645791	1	0
sub-0051_ses-01_dwi.sz	128 128 55	1.79688 1.79688 2	11/94	1150	1.017894	0.815255	0.567316	175	0
sub-0051_ses-02_dwi.sz	128 128 55	1.79688 1.79688 2	11/94	1150	1.055666	0.849118	0.538481	49	0
sub-0054_ses-01_dwi.sz	128 128 55	1.79688 1.79688 2	11/94	1150	1.345204	0.840352	0.711704	4	0
sub-0056_ses-01_dwi.sz	128 128 55	1.79688 1.79688 2	11/94	1150	1.012994	0.900228	0.610265	52	0
sub-0101_ses-01_dwi.sz	128 128 55	1.79688 1.79688 2	11/94	1150	1.034135	0.884815	0.619125	0	0
sub-0103_ses-01_dwi.sz	128 128 55	1.79688 1.79688 2	11/94	1150	1.028112	0.884704	0.617844	1	0
sub-0104_ses-01_dwi.sz	128 128 55	1.79688 1.79688 2	11/94	1150	1.046405	0.877473	0.626142	1	0
sub-0105_ses-01_dwi.sz	128 128 55	1.79688 1.79688 2	11/94	1150	1.03023	0.876222	0.599698	22	0
sub-0106_ses-01_dwi.sz	128 128 55	1.79688 1.79688 2	11/94	1150	1.248773	0.850636	0.73513	30	0
sub-0107_ses-01_dwi.sz	128 128 55	1.79688 1.79688 2	11/94	1150	1.029216	0.864662	0.631965	28	0
sub-0107_ses-02_dwi.sz	128 128 55	1.79688 1.79688 2	11/94	1150	1.035739	0.879858	0.660899	3	0
sub-0109_ses-01_dwi.sz	128 128 55	1.79688 1.79688 2	11/94	1150	1.023036	0.767164	0.547682	1303	0
sub-0110_ses-01_dwi.sz	128 128 55	1.79688 1.79688 2	11/94	1150	1.272363	0.883775	0.804769	173	0
sub-0110_ses-02_dwi.sz	128 128 55	1.79688 1.79688 2	11/94	1150	1.268181	0.887176	0.803041	15	0
sub-0111_ses-01_dwi.sz	128 128 55	1.79688 1.79688 2	11/94	1150	1.064934	0.84806	0.588351	142	0
sub-0111_ses-02_dwi.sz	128 128 55	1.79688 1.79688 2	11/94	1150	1.037987	0.819312	0.604784	403	0
sub-0113_ses-01_dwi.sz	128 128 55	1.79688 1.79688 2	11/94	1150	1.041882	0.872604	0.601252	5	0
sub-0114_ses-01_dwi.sz	128 128 55	1.79688 1.79688 2	11/94	1150	1.384653	0.894236	0.783407	14	0
sub-0115_ses-01_dwi.sz	128 128 55	1.79688 1.79688 2	11/94	1150	1.045021	0.765546	0.558771	1208	0
sub-0117_ses-01_dwi.sz	128 128 55	1.79688 1.79688 2	11/94	1150	1.250759	0.884275	0.774245	117	0
sub-0117_ses-02_dwi.sz	128 128 55	1.79688 1.79688 2	11/94	1150	1.276679	0.811871	0.610806	428	0
sub-0118_ses-01_dwi.sz	128 128 55	1.79688 1.79688 2	11/94	1150	1.057734	0.827549	0.594462	109	0
sub-0121_ses-01_dwi.sz	128 128 55	1.79688 1.79688 2	11/94	1150	1.050779	0.880226	0.588373	3	0
sub-0122_ses-01_dwi.sz	128 128 55	1.79688 1.79688 2	11/94	1150	1.05201	0.875655	0.623217	1	0
sub-0123_ses-01_dwi.sz	128 128 55	1.79688 1.79688 2	11/94	1150	1.042345	0.878938	0.644791	15	0
sub-0124_ses-01_dwi.sz	128 128 55	1.79688 1.79688 2	11/94	1150	1.340082	0.877509	0.763286	2	0
sub-0127_ses-01_dwi.sz	128 128 55	1.79688 1.79688 2	11/94	1150	1.056898	0.86499	0.616845	28	0
sub-0128_ses-01_dwi.sz	128 128 55	1.79688 1.79688 2	11/94	1150	1.03667	0.812624	0.58561	257	0
sub-0130_ses-01_dwi.sz	128 128 55	1.79688 1.79688 2	11/94	1150	1.022958	0.83952	0.504389	1167	0
sub-0131_ses-01_dwi.sz	128 128 55	1.79688 1.79688 2	11/94	1150	1.020292	0.88298	0.613558	51	0
sub-0133_ses-01_dwi.sz	128 128 55	1.79688 1.79688 2	11/94	1150	1.039347	0.87846	0.634217	39	0
sub-0133_ses-02_dwi.sz	128 128 55	1.79688 1.79688 2	11/94	1150	1.367538	0.881379	0.796832	1	0
sub-0134_ses-01_dwi.sz	128 128 55	1.79688 1.79688 2	11/94	1150	1.040591	0.876972	0.629801	5	0
sub-0136_ses-01_dwi.sz	128 128 55	1.79688 1.79688 2	11/94	1150	1.01849	0.857075	0.532389	662	0
sub-0137_ses-01_dwi.sz	128 128 55	1.79688 1.79688 2	11/94	1150	1.031703	0.894684	0.625901	11	0
sub-0138_ses-02_dwi.sz	128 128 55	1.79688 1.79688 2	11/94	1150	1.027004	0.866035	0.620961	28	0
sub-0140_ses-01_dwi.sz	128 128 55	1.79688 1.79688 2	11/94	1150	1.019426	0.753111	0.556135	1201	0
sub-0141_ses-01_dwi.sz	128 128 55	1.79688 1.79688 2	11/94	1150	1.021058	0.875746	0.61996	7	0
sub-0142_ses-01_dwi.sz	128 128 55	1.79688 1.79688 2	11/94	1150	1.354683	0.813863	0.704406	79	0
sub-0143_ses-01_dwi.sz	128 128 55	1.79688 1.79688 2	11/94	1150	1.015935	0.873347	0.622735	13	0
sub-0144_ses-01_dwi.sz	128 128 55	1.79688 1.79688 2	11/94	1150	1.059366	0.85169	0.63808	26	0
sub-0145_ses-01_dwi.sz	128 128 55	1.79688 1.79688 2	11/94	1150	1.021076	0.84431	0.667586	241	0
sub-0146_ses-01_dwi.sz	128 128 55	1.79688 1.79688 2	11/94	1150	1.019818	0.828837	0.627219	619	0
sub-0147_ses-01_dwi.sz	128 128 55	1.79688 1.79688 2	11/94	1150	1.043216	0.832388	0.600739	9	0
sub-0149_ses-01_dwi.sz	128 128 55	1.79688 1.79688 2	11/94	1150	1.022368	0.905753	0.696409	2	0
sub-0150_ses-01_dwi.sz	128 128 55	1.79688 1.79688 2	11/94	1150	1.049825	0.885657	0.62579	1	0
sub-0151_ses-01_dwi.sz	128 128 55	1.79688 1.79688 2	11/94	1150	1.042749	0.870641	0.589887	2	0
sub-0152_ses-01_dwi.sz	128 128 55	1.79688 1.79688 2	11/94	1150	1.336035	0.902584	0.785663	1	0
sub-0153_ses-01_dwi.sz	128 128 55	1.79688 1.79688 2	11/94	1150	1.028138	0.848807	0.626483	326	0
sub-0154_ses-01_dwi.sz	128 128 55	1.79688 1.79688 2	11/94	1150	1.26602	0.867326	0.746423	21	0
sub-0156_ses-01_dwi.sz	128 128 55	1.79688 1.79688 2	11/94	1150	1.038731	0.874862	0.613779	4	0
sub-0158_ses-01_dwi.sz	128 128 55	1.79688 1.79688 2	11/94	1150	1.026066	0.871904	0.624494	13	0
sub-0159_ses-01_dwi.sz	128 128 55	1.79688 1.79688 2	11/94	1150	1.028459	0.827367	0.562312	927	0
sub-0160_ses-01_dwi.sz	128 128 55	1.79688 1.79688 2	11/94	1150	1.315224	0.878857	0.763495	4	0
sub-0161_ses-01_dwi.sz	128 128 55	1.79688 1.79688 2	11/94	1150	1.053545	0.883444	0.628308	4	0
sub-0163_ses-01_dwi.sz	128 128 55	1.79688 1.79688 2	11/94	1150	1.033493	0.845562	0.507673	835	0
sub-0164_ses-01_dwi.sz	128 128 55	1.79688 1.79688 2	11/94	1150	1.27553	0.883834	0.790757	24	0
sub-0165_ses-01_dwi.sz	128 128 55	1.79688 1.79688 2	11/94	1150	1.058962	0.882526	0.600898	2	0
sub-0165_ses-02_dwi.sz	128 128 55	1.79688 1.79688 2	11/94	1150	1.324896	0.896278	0.795332	8	0
sub-0166_ses-01_dwi.sz	128 128 55	1.79688 1.79688 2	11/94	1150	1.323469	0.846415	0.75644	38	0
sub-0168_ses-01_dwi.sz	128 128 55	1.79688 1.79688 2	11/94	1150	1.088463	0.842082	0.609642	5	0
sub-0169_ses-01_dwi.sz	128 128 55	1.79688 1.79688 2	11/94	1150	1.011417	0.877343	0.606097	3	0
sub-0170_ses-01_dwi.sz	128 128 55	1.79688 1.79688 2	11/94	1150	1.029094	0.880251	0.591803	1	0
sub-0171_ses-01_dwi.sz	128 128 55	1.79688 1.79688 2	11/94	1150	1.015292	0.883907	0.607641	0	0
sub-0178_ses-01_dwi.sz	128 128 55	1.79688 1.79688 2	11/94	1150	1.026611	0.892052	0.682775	5	0
sub-0179_ses-01_dwi.sz	128 128 55	1.79688 1.79688 2	11/94	1150	1.024725	0.865009	0.608202	54	0
sub-0180_ses-01_dwi.sz	128 128 55	1.79688 1.79688 2	11/94	1150	1.03684	0.888041	0.60015	0	0
sub-0181_ses-01_dwi.sz	128 128 55	1.79688 1.79688 2	11/94	1150	1.037009	0.773301	0.604336	603	0
sub-0182_ses-01_dwi.sz	128 128 55	1.79688 1.79688 2	11/94	1150	1.030496	0.871612	0.545474	278	0
sub-0186_ses-01_dwi.sz	128 128 55	1.79688 1.79688 2	11/94	1150	1.021214	0.883379	0.614112	18	0
sub-0187_ses-01_dwi.sz	128 128 55	1.79688 1.79688 2	11/94	1150	1.033046	0.897453	0.657172	19	0
sub-0188_ses-01_dwi.sz	128 128 55	1.79688 1.79688 2	11/94	1150	1.027781	0.896405	0.655157	0	0
sub-0189_ses-01_dwi.sz	128 128 55	1.79688 1.79688 2	11/94	1150	1.306617	0.853441	0.773549	0	0
sub-0190_ses-01_dwi.sz	128 128 55	1.79688 1.79688 2	11/94	1150	1.080897	0.845964	0.541514	23	0
sub-0191_ses-01_dwi.sz	128 128 55	1.79688 1.79688 2	11/94	1150	1.034088	0.847705	0.617027	1	0
sub-0192_ses-01_dwi.sz	128 128 55	1.79688 1.79688 2	11/94	1150	1.03891	0.855562	0.59945	3	0
sub-0193_ses-01_dwi.sz	128 128 55	1.79688 1.79688 2	11/94	1150	1.042717	0.861662	0.548256	42	0
sub-0197_ses-01_dwi.sz	128 128 55	1.79688 1.79688 2	11/94	1150	1.059429	0.883418	0.625579	3	0
sub-0201_ses-01_dwi.sz	128 128 55	1.79688 1.79688 2	11/94	1150	1.073937	0.795163	0.509727	0	0
sub-0204_ses-01_dwi.sz	128 128 55	1.79688 1.79688 2	11/94	1150	1.339741	0.88734	0.789476	3	0
sub-0205_ses-01_dwi.sz	128 128 55	1.79688 1.79688 2	11/94	1150	1.015433	0.867204	0.529324	722	0
sub-0207_ses-01_dwi.sz	128 128 55	1.79688 1.79688 2	11/94	1150	1.042527	0.857409	0.593678	110	0
sub-0207_ses-02_dwi.sz	128 128 55	1.79688 1.79688 2	11/94	1150	1.025612	0.872373	0.584115	3	0
sub-0208_ses-01_dwi.sz	128 128 55	1.79688 1.79688 2	11/94	1150	1.02522	0.859411	0.629197	22	0
sub-0209_ses-01_dwi.sz	128 128 55	1.79688 1.79688 2	11/94	1150	1.252525	0.843589	0.75203	72	0
sub-0210_ses-01_dwi.sz	128 128 55	1.79688 1.79688 2	11/94	1150	1.331257	0.90182	0.801397	216	0
sub-0211_ses-01_dwi.sz	128 128 55	1.79688 1.79688 2	11/94	1150	1.057482	0.876841	0.574366	94	0
sub-0213_ses-01_dwi.sz	128 128 55	1.79688 1.79688 2	11/94	1150	1.023524	0.866542	0.658147	124	0
sub-0214_ses-01_dwi.sz	128 128 55	1.79688 1.79688 2	11/94	1150	1.041082	0.880404	0.60215	7	0
sub-0215_ses-01_dwi.sz	128 128 55	1.79688 1.79688 2	11/94	1150	1.374114	0.882016	0.768064	21	0
sub-0216_ses-01_dwi.sz	128 128 55	1.79688 1.79688 2	11/94	1150	1.043162	0.885139	0.623356	16	0
sub-0217_ses-01_dwi.sz	128 128 55	1.79688 1.79688 2	11/94	1150	1.036664	0.841407	0.530357	118	0
sub-0217_ses-02_dwi.sz	128 128 55	1.79688 1.79688 2	11/94	1150	1.050239	0.873415	0.542812	11	0
sub-0219_ses-01_dwi.sz	128 128 55	1.79688 1.79688 2	11/94	1150	1.032606	0.867643	0.62786	6	0
sub-0220_ses-01_dwi.sz	128 128 55	1.79688 1.79688 2	11/94	1150	1.053001	0.893962	0.592305	6	0
sub-0221_ses-01_dwi.sz	128 128 55	1.79688 1.79688 2	11/94	1150	1.016765	0.795723	0.612402	331	0
sub-0222_ses-01_dwi.sz	128 128 55	1.79688 1.79688 2	11/94	1150	1.294345	0.824326	0.700196	2	0
sub-0224_ses-01_dwi.sz	128 128 55	1.79688 1.79688 2	11/94	1150	1.371055	0.887181	0.723758	34	0
sub-0225_ses-01_dwi.sz	128 128 55	1.79688 1.79688 2	11/94	1150	1.305027	0.881504	0.791834	32	0
sub-0229_ses-01_dwi.sz	128 128 55	1.79688 1.79688 2	11/94	1150	1.032822	0.88782	0.619163	4	0
sub-0230_ses-01_dwi.sz	128 128 55	1.79688 1.79688 2	11/94	1150	1.043314	0.864749	0.588044	6	0
sub-0234_ses-01_dwi.sz	128 128 55	1.79688 1.79688 2	11/94	1150	1.026014	0.877837	0.5627	55	0
sub-0235_ses-01_dwi.sz	128 128 55	1.79688 1.79688 2	11/94	1150	1.030986	0.777777	0.588136	552	0
sub-0236_ses-01_dwi.sz	128 128 55	1.79688 1.79688 2	11/94	1150	1.047013	0.865532	0.562271	19	0
sub-0239_ses-01_dwi.sz	128 128 55	1.79688 1.79688 2	11/94	1150	1.375046	0.902989	0.816024	1	0
sub-0240_ses-01_dwi.sz	128 128 55	1.79688 1.79688 2	11/94	1150	1.325991	0.899583	0.798478	51	0
sub-0242_ses-01_dwi.sz	128 128 55	1.79688 1.79688 2	11/94	1150	1.019916	0.858386	0.573905	18	0
sub-0243_ses-01_dwi.sz	128 128 55	1.79688 1.79688 2	11/94	1150	1.058698	0.877112	0.614043	2	0
sub-0244_ses-01_dwi.sz	128 128 55	1.79688 1.79688 2	11/94	1150	1.061338	0.881929	0.553676	5	0
sub-0246_ses-01_dwi.sz	128 128 55	1.79688 1.79688 2	11/94	1150	1.054797	0.876445	0.604348	5	0
sub-0247_ses-01_dwi.sz	128 128 55	1.79688 1.79688 2	11/94	1150	1.054973	0.875354	0.594483	0	0
sub-0248_ses-01_dwi.sz	128 128 55	1.79688 1.79688 2	11/94	1150	1.046153	0.864257	0.584168	205	0
sub-0249_ses-01_dwi.sz	128 128 55	1.79688 1.79688 2	11/94	1150	1.040468	0.819295	0.59994	337	0
sub-0251_ses-01_dwi.sz	128 128 55	1.79688 1.79688 2	11/94	1150	1.031678	0.888652	0.627825	2	0
sub-0251_ses-02_dwi.sz	128 128 55	1.79688 1.79688 2	11/94	1150	1.386736	0.903029	0.810122	213	0
sub-0252_ses-01_dwi.sz	128 128 55	1.79688 1.79688 2	11/94	1150	1.308674	0.869102	0.73982	34	0
sub-0253_ses-01_dwi.sz	128 128 55	1.79688 1.79688 2	11/94	1150	1.296254	0.891671	0.777999	15	0
sub-0255_ses-01_dwi.sz	128 128 55	1.79688 1.79688 2	11/94	1150	1.037236	0.856846	0.669942	11	0
sub-0256_ses-01_dwi.sz	128 128 55	1.79688 1.79688 2	11/94	1150	1.012244	0.863483	0.650362	110	0
sub-0257_ses-01_dwi.sz	128 128 55	1.79688 1.79688 2	11/94	1150	1.008579	0.834792	0.556423	127	0
sub-0259_ses-01_dwi.sz	128 128 55	1.79688 1.79688 2	11/94	1150	1.324039	0.888706	0.790489	5	0
sub-0260_ses-01_dwi.sz	128 128 55	1.79688 1.79688 2	11/94	1150	1.013072	0.838271	0.510635	612	0
sub-0261_ses-01_dwi.sz	128 128 55	1.79688 1.79688 2	11/94	1150	1.283852	0.872415	0.79215	13	0
sub-0262_ses-01_dwi.sz	128 128 55	1.79688 1.79688 2	11/94	1150	1.319023	0.887181	0.796086	32	0
sub-0263_ses-01_dwi.sz	128 128 55	1.79688 1.79688 2	11/94	1150	1.248987	0.790917	0.703434	98	0
sub-0264_ses-01_dwi.sz	128 128 55	1.79688 1.79688 2	11/94	1150	1.301948	0.875851	0.768519	0	0
sub-0266_ses-01_dwi.sz	128 128 55	1.79688 1.79688 2	11/94	1150	1.042647	0.865735	0.569348	91	0
sub-0267_ses-01_dwi.sz	128 128 55	1.79688 1.79688 2	11/94	1150	1.049365	0.87964	0.63635	1	0
sub-0271_ses-01_dwi.sz	128 128 55	1.79688 1.79688 2	11/94	1150	1.352668	0.837662	0.587066	69	0
sub-0272_ses-01_dwi.sz	128 128 55	1.79688 1.79688 2	11/94	1150	1.320836	0.880933	0.758557	46	0
sub-0273_ses-01_dwi.sz	128 128 55	1.79688 1.79688 2	11/94	1150	1.050074	0.855694	0.598149	63	0
sub-0276_ses-01_dwi.sz	128 128 55	1.79688 1.79688 2	11/94	1150	1.322218	0.826059	0.656592	67	0
sub-0278_ses-01_dwi.sz	128 128 55	1.79688 1.79688 2	11/94	1150	1.314628	0.824688	0.639423	158	0
sub-0279_ses-01_dwi.sz	128 128 55	1.79688 1.79688 2	11/94	1150	1.010083	0.883668	0.599824	9	0
sub-0281_ses-01_dwi.sz	128 128 55	1.79688 1.79688 2	11/94	1150	1.044347	0.880719	0.58089	14	0
sub-0284_ses-01_dwi.sz	128 128 55	1.79688 1.79688 2	11/94	1150	1.255433	0.765299	0.686055	118	0
sub-0287_ses-01_dwi.sz	128 128 55	1.79688 1.79688 2	11/94	1150	1.046079	0.880799	0.605797	5	0
sub-0288_ses-01_dwi.sz	128 128 55	1.79688 1.79688 2	11/94	1150	1.031819	0.868641	0.593877	6	0
sub-0289_ses-01_dwi.sz	128 128 55	1.79688 1.79688 2	11/94	1150	1.045819	0.887534	0.633877	0	0
sub-0292_ses-01_dwi.sz	128 128 55	1.79688 1.79688 2	11/94	1150	1.072592	0.871341	0.566017	2	0
sub-0293_ses-01_dwi.sz	128 128 55	1.79688 1.79688 2	11/94	1150	1.050418	0.864759	0.563622	4	0
sub-0295_ses-01_dwi.sz	128 128 55	1.79688 1.79688 2	11/94	1150	1.049812	0.826012	0.499043	920	0
sub-0298_ses-01_dwi.sz	128 128 55	1.79688 1.79688 2	11/94	1150	1.063881	0.852867	0.569568	85	0
sub-0298_ses-02_dwi.sz	128 128 55	1.79688 1.79688 2	11/94	1150	1.027039	0.868356	0.571834	85	0
sub-0301_ses-01_dwi.sz	128 128 55	1.79688 1.79688 2	11/94	1150	1.093288	0.851732	0.445116	203	0
sub-0302_ses-01_dwi.sz	128 128 55	1.79688 1.79688 2	11/94	1150	1.049694	0.869664	0.621113	14	0
sub-0303_ses-01_dwi.sz	128 128 55	1.79688 1.79688 2	11/94	1150	1.033464	0.836407	0.618815	109	0
sub-0304_ses-01_dwi.sz	128 128 55	1.79688 1.79688 2	11/94	1150	1.039037	0.876547	0.600817	8	0
sub-0305_ses-01_dwi.sz	128 128 55	1.79688 1.79688 2	11/94	1150	0.974622	0.873535	0.548238	7	0
sub-0307_ses-01_dwi.sz	128 128 55	1.79688 1.79688 2	11/94	1150	1.03694	0.847073	0.594998	59	0
sub-0308_ses-01_dwi.sz	128 128 55	1.79688 1.79688 2	11/94	1150	1.022607	0.86775	0.588593	13	0
sub-0308_ses-02_dwi.sz	128 128 55	1.79688 1.79688 2	11/94	1150	1.31888	0.830303	0.738489	25	0
sub-0309_ses-01_dwi.sz	128 128 55	1.79688 1.79688 2	11/94	1150	1.013871	0.87263	0.650255	225	0
sub-0310_ses-01_dwi.sz	128 128 55	1.79688 1.79688 2	11/94	1150	1.296242	0.8693	0.745154	5	0
sub-0313_ses-01_dwi.sz	128 128 55	1.79688 1.79688 2	11/94	1150	1.046115	0.855399	0.580497	2	0
sub-0314_ses-01_dwi.sz	128 128 55	1.79688 1.79688 2	11/94	1150	1.020259	0.85437	0.619411	17	0
sub-0316_ses-01_dwi.sz	128 128 55	1.79688 1.79688 2	11/94	1150	1.055545	0.752111	0.603089	7	0
sub-0318_ses-01_dwi.sz	128 128 55	1.79688 1.79688 2	11/94	1150	1.28913	0.872195	0.777909	2	0
sub-0321_ses-01_dwi.sz	128 128 55	1.79688 1.79688 2	11/94	1150	1.072512	0.852982	0.582744	1	0
sub-0323_ses-01_dwi.sz	128 128 55	1.79688 1.79688 2	11/94	1150	1.074852	0.781715	0.482574	1198	0
sub-0323_ses-02_dwi.sz	128 128 55	1.79688 1.79688 2	11/94	1150	1.034517	0.857089	0.558789	25	0
sub-0324_ses-01_dwi.sz	128 128 55	1.79688 1.79688 2	11/94	1150	1.251911	0.890013	0.775905	101	0
sub-0325_ses-01_dwi.sz	128 128 55	1.79688 1.79688 2	11/94	1150	1.004385	0.83056	0.60367	577	0
sub-0326_ses-01_dwi.sz	128 128 55	1.79688 1.79688 2	11/94	1150	1.016922	0.856221	0.549149	817	0
sub-0327_ses-01_dwi.sz	128 128 55	1.79688 1.79688 2	11/94	1150	1.28936	0.865854	0.762605	2	0
sub-0328_ses-01_dwi.sz	128 128 55	1.79688 1.79688 2	11/94	1150	1.279048	0.819358	0.612101	66	0
sub-0329_ses-01_dwi.sz	128 128 55	1.79688 1.79688 2	11/94	1150	1.284151	0.851511	0.727339	17	0
sub-0330_ses-01_dwi.sz	128 128 55	1.79688 1.79688 2	11/94	1150	1.291649	0.871566	0.786608	47	0
sub-0331_ses-01_dwi.sz	128 128 55	1.79688 1.79688 2	11/94	1150	1.336451	0.875176	0.779776	8	0
sub-0332_ses-01_dwi.sz	128 128 55	1.79688 1.79688 2	11/94	1150	1.328575	0.87759	0.762371	7	0
sub-0335_ses-01_dwi.sz	128 128 55	1.79688 1.79688 2	11/94	1150	1.020334	0.812908	0.606407	646	0
sub-0336_ses-01_dwi.sz	128 128 55	1.79688 1.79688 2	11/94	1150	1.028555	0.871777	0.674205	24	0
sub-0338_ses-01_dwi.sz	128 128 55	1.79688 1.79688 2	11/94	1150	1.013922	0.724712	0.613905	1247	0
sub-0339_ses-01_dwi.sz	128 128 55	1.79688 1.79688 2	11/94	1150	1.025359	0.886569	0.598775	22	0
sub-0340_ses-01_dwi.sz	128 128 55	1.79688 1.79688 2	11/94	1150	1.052154	0.872607	0.613881	0	0
sub-0341_ses-01_dwi.sz	128 128 55	1.79688 1.79688 2	11/94	1150	1.029642	0.888861	0.637879	5	0
sub-0341_ses-02_dwi.sz	128 128 55	1.79688 1.79688 2	11/94	1150	1.345497	0.866814	0.767363	8	0
sub-0342_ses-01_dwi.sz	128 128 55	1.79688 1.79688 2	11/94	1150	1.28141	0.818556	0.671756	86	0
sub-0344_ses-01_dwi.sz	128 128 55	1.79688 1.79688 2	11/94	1150	1.041139	0.896706	0.641245	1	0
sub-0345_ses-01_dwi.sz	128 128 55	1.79688 1.79688 2	11/94	1150	1.039967	0.892944	0.608454	0	0
sub-0347_ses-01_dwi.sz	128 128 55	1.79688 1.79688 2	11/94	1150	1.02114	0.865459	0.539254	119	0
sub-0349_ses-01_dwi.sz	128 128 55	1.79688 1.79688 2	11/94	1150	1.047866	0.825103	0.613779	613	0
sub-0350_ses-01_dwi.sz	128 128 55	1.79688 1.79688 2	11/94	1150	1.268746	0.876303	0.784305	45	0
sub-0351_ses-01_dwi.sz	128 128 55	1.79688 1.79688 2	11/94	1150	1.055921	0.869278	0.522854	61	0
sub-0351_ses-02_dwi.sz	128 128 55	1.79688 1.79688 2	11/94	1150	1.298382	0.857649	0.644821	183	0
sub-0353_ses-01_dwi.sz	128 128 55	1.79688 1.79688 2	11/94	1150	1.014028	0.879853	0.572019	16	0
sub-0355_ses-01_dwi.sz	128 128 55	1.79688 1.79688 2	11/94	1150	1.392397	0.866682	0.723139	15	0
sub-0357_ses-01_dwi.sz	128 128 55	1.79688 1.79688 2	11/94	1150	1.022967	0.880226	0.619629	16	0
sub-0358_ses-01_dwi.sz	128 128 55	1.79688 1.79688 2	11/94	1150	1.362907	0.881662	0.740654	17	0
sub-0359_ses-01_dwi.sz	128 128 55	1.79688 1.79688 2	11/94	1150	1.330372	0.822341	0.633777	107	0
sub-0360_ses-01_dwi.sz	128 128 55	1.79688 1.79688 2	11/94	1150	1.04609	0.752738	0.580539	915	0
sub-0360_ses-02_dwi.sz	128 128 55	1.79688 1.79688 2	11/94	1150	1.039622	0.846837	0.588477	164	0
sub-0361_ses-01_dwi.sz	128 128 55	1.79688 1.79688 2	11/94	1150	1.026859	0.882895	0.578656	8	0
sub-0362_ses-01_dwi.sz	128 128 55	1.79688 1.79688 2	11/94	1150	1.060573	0.88089	0.596721	0	0
sub-0363_ses-01_dwi.sz	128 128 55	1.79688 1.79688 2	11/94	1150	1.327694	0.869418	0.753312	76	0
sub-0364_ses-01_dwi.sz	128 128 55	1.79688 1.79688 2	11/94	1150	1.035995	0.869534	0.579478	14	0
sub-0365_ses-01_dwi.sz	128 128 55	1.79688 1.79688 2	11/94	1150	1.026048	0.895581	0.639925	27	0
sub-0367_ses-01_dwi.sz	128 128 55	1.79688 1.79688 2	11/94	1150	1.308	0.88388	0.772673	14	0
sub-0369_ses-01_dwi.sz	128 128 55	1.79688 1.79688 2	11/94	1150	1.036654	0.850504	0.588231	122	0
sub-0370_ses-01_dwi.sz	128 128 55	1.79688 1.79688 2	11/94	1150	1.290425	0.88207	0.774915	38	0
sub-0370_ses-02_dwi.sz	128 128 55	1.79688 1.79688 2	11/94	1150	1.264092	0.813518	0.733681	209	0
sub-0371_ses-01_dwi.sz	128 128 55	1.79688 1.79688 2	11/94	1150	1.260274	0.868823	0.78414	14	0
sub-0372_ses-01_dwi.sz	128 128 55	1.79688 1.79688 2	11/94	1150	1.030763	0.893968	0.611335	6	0
sub-0372_ses-02_dwi.sz	128 128 55	1.79688 1.79688 2	11/94	1150	1.047824	0.837919	0.431874	963	1
sub-0373_ses-01_dwi.sz	128 128 55	1.79688 1.79688 2	11/94	1150	1.337658	0.865655	0.738258	50	0
sub-0375_ses-01_dwi.sz	128 128 55	1.79688 1.79688 2	11/94	1150	1.280626	0.877247	0.77186	8	0
sub-0376_ses-01_dwi.sz	128 128 55	1.79688 1.79688 2	11/94	1150	1.053493	0.865541	0.617114	16	0
sub-0376_ses-02_dwi.sz	128 128 55	1.79688 1.79688 2	11/94	1150	1.053725	0.865541	0.616275	16	0
sub-0377_ses-01_dwi.sz	128 128 55	1.79688 1.79688 2	11/94	1150	1.30427	0.872022	0.765365	76	0
sub-0378_ses-01_dwi.sz	128 128 55	1.79688 1.79688 2	11/94	1150	1.061959	0.86519	0.563711	46	0
sub-0379_ses-01_dwi.sz	128 128 55	1.79688 1.79688 2	11/94	1150	1.065808	0.87544	0.571028	13	0
sub-0381_ses-01_dwi.sz	128 128 55	1.79688 1.79688 2	11/94	1150	1.280351	0.881274	0.773715	2	0
sub-0384_ses-01_dwi.sz	128 128 55	1.79688 1.79688 2	11/94	1150	1.040722	0.859933	0.606638	86	0
sub-0385_ses-01_dwi.sz	128 128 55	1.79688 1.79688 2	11/94	1150	1.069587	0.871686	0.553639	5	0
sub-0388_ses-01_dwi.sz	128 128 55	1.79688 1.79688 2	11/94	1150	1.071642	0.823783	0.503594	346	0
sub-0389_ses-01_dwi.sz	128 128 55	1.79688 1.79688 2	11/94	1150	1.274694	0.842799	0.664868	459	0
sub-0390_ses-01_dwi.sz	128 128 55	1.79688 1.79688 2	11/94	1150	1.306411	0.89678	0.799708	3	0
sub-0391_ses-01_dwi.sz	128 128 55	1.79688 1.79688 2	11/94	1150	1.308725	0.89797	0.816113	3	0
sub-0391_ses-02_dwi.sz	128 128 55	1.79688 1.79688 2	11/94	1150	1.301895	0.898421	0.812774	5	0
sub-0392_ses-01_dwi.sz	128 128 55	1.79688 1.79688 2	11/94	1150	1.045794	0.888594	0.608842	1	0
sub-0394_ses-01_dwi.sz	128 128 55	1.79688 1.79688 2	11/94	1150	1.279822	0.878603	0.779814	5	0
sub-0395_ses-01_dwi.sz	128 128 55	1.79688 1.79688 2	11/94	1150	1.036872	0.882561	0.54954	164	0
sub-0395_ses-02_dwi.sz	128 128 55	1.79688 1.79688 2	11/94	1150	1.016125	0.874457	0.561282	32	0
sub-0397_ses-01_dwi.sz	128 128 55	1.79688 1.79688 2	11/94	1150	1.303472	0.894392	0.801517	70	0
sub-0398_ses-01_dwi.sz	128 128 55	1.79688 1.79688 2	11/94	1150	1.053627	0.850367	0.61565	196	0
sub-0398_ses-02_dwi.sz	128 128 55	1.79688 1.79688 2	11/94	1150	1.025936	0.870923	0.655724	140	0
sub-0399_ses-01_dwi.sz	128 128 55	1.79688 1.79688 2	11/94	1150	1.01987	0.888961	0.633595	68	0
sub-0400_ses-01_dwi.sz	128 128 55	1.79688 1.79688 2	11/94	1150	1.023431	0.886393	0.669272	23	0
sub-0402_ses-02_dwi.sz	128 128 55	1.79688 1.79688 2	11/94	1150	1.02821	0.842623	0.616356	111	0
sub-0403_ses-01_dwi.sz	128 128 55	1.79688 1.79688 2	11/94	1150	1.276633	0.867235	0.7774	8	0
sub-0404_ses-01_dwi.sz	128 128 55	1.79688 1.79688 2	11/94	1150	1.024777	0.776153	0.57272	746	0
sub-0405_ses-01_dwi.sz	128 128 55	1.79688 1.79688 2	11/94	1150	1.041788	0.835428	0.644116	4	0
sub-0406_ses-01_dwi.sz	128 128 55	1.79688 1.79688 2	11/94	1150	1.272872	0.850601	0.745614	53	0
sub-0407_ses-01_dwi.sz	128 128 55	1.79688 1.79688 2	11/94	1150	1.309844	0.896551	0.811385	17	0
sub-0408_ses-01_dwi.sz	128 128 55	1.79688 1.79688 2	11/94	1150	1.334311	0.90231	0.810413	105	0
sub-0408_ses-02_dwi.sz	128 128 55	1.79688 1.79688 2	11/94	1150	1.331973	0.899286	0.806275	88	0
sub-0410_ses-01_dwi.sz	128 128 55	1.79688 1.79688 2	11/94	1150	1.039364	0.762303	0.618582	702	0
sub-0411_ses-01_dwi.sz	128 128 55	1.79688 1.79688 2	11/94	1150	1.038946	0.902584	0.665982	10	0
sub-0413_ses-01_dwi.sz	128 128 55	1.79688 1.79688 2	11/94	1150	1.027318	0.875877	0.59918	22	0
sub-0414_ses-01_dwi.sz	128 128 55	1.79688 1.79688 2	11/94	1150	1.049907	0.851336	0.533381	263	0
sub-0416_ses-01_dwi.sz	128 128 55	1.79688 1.79688 2	11/94	1150	1.069372	0.839358	0.569624	11	0
sub-0418_ses-01_dwi.sz	128 128 55	1.79688 1.79688 2	11/94	1150	1.015506	0.88556	0.627357	4	0
sub-0420_ses-01_dwi.sz	128 128 55	1.79688 1.79688 2	11/94	1150	1.025789	0.811956	0.588832	507	0
sub-0421_ses-01_dwi.sz	128 128 55	1.79688 1.79688 2	11/94	1150	1.319731	0.879288	0.776713	23	0
sub-0422_ses-01_dwi.sz	128 128 55	1.79688 1.79688 2	11/94	1150	1.036563	0.834639	0.574245	169	0
sub-0424_ses-01_dwi.sz	128 128 55	1.79688 1.79688 2	11/94	1150	1.038634	0.834347	0.598194	294	0
sub-0425_ses-01_dwi.sz	128 128 55	1.79688 1.79688 2	11/94	1150	1.03724	0.879581	0.626902	7	0
sub-0426_ses-01_dwi.sz	128 128 55	1.79688 1.79688 2	11/94	1150	1.023162	0.798836	0.653473	896	0
sub-0427_ses-01_dwi.sz	128 128 55	1.79688 1.79688 2	11/94	1150	1.03454	0.837459	0.518869	894	0
sub-0428_ses-01_dwi.sz	128 128 55	1.79688 1.79688 2	11/94	1150	1.045056	0.866934	0.619574	128	0
sub-0429_ses-01_dwi.sz	128 128 55	1.79688 1.79688 2	11/94	1150	1.034076	0.880863	0.621877	20	0
sub-0431_ses-01_dwi.sz	128 128 55	1.79688 1.79688 2	11/94	1150	1.043822	0.894841	0.607873	0	0
sub-0432_ses-01_dwi.sz	128 128 55	1.79688 1.79688 2	11/94	1150	1.045521	0.84494	0.628766	22	0
sub-0433_ses-01_dwi.sz	128 128 55	1.79688 1.79688 2	11/94	1150	1.036544	0.885306	0.615268	193	0
sub-0434_ses-01_dwi.sz	128 128 55	1.79688 1.79688 2	11/94	1150	1.03148	0.732788	0.609555	1618	0
sub-0435_ses-01_dwi.sz	128 128 55	1.79688 1.79688 2	11/94	1150	1.043413	0.867608	0.573954	30	0
sub-0436_ses-01_dwi.sz	128 128 55	1.79688 1.79688 2	11/94	1150	1.039556	0.885112	0.65365	3	0
sub-0437_ses-01_dwi.sz	128 128 55	1.79688 1.79688 2	11/94	1150	1.033069	0.866589	0.637339	35	0
sub-0439_ses-01_dwi.sz	128 128 55	1.79688 1.79688 2	11/94	1150	1.041347	0.875261	0.60417	24	0
sub-0440_ses-01_dwi.sz	128 128 55	1.79688 1.79688 2	11/94	1150	1.048155	0.883833	0.56644	27	0
sub-0440_ses-02_dwi.sz	128 128 55	1.79688 1.79688 2	11/94	1150	1.055928	0.872981	0.559981	5	0
sub-0442_ses-01_dwi.sz	128 128 55	1.79688 1.79688 2	11/94	1150	1.039542	0.883658	0.607748	37	0
sub-0443_ses-01_dwi.sz	128 128 55	1.79688 1.79688 2	11/94	1150	1.034213	0.872904	0.610901	9	0
sub-0444_ses-01_dwi.sz	128 128 55	1.79688 1.79688 2	11/94	1150	1.025367	0.868032	0.639785	11	0
sub-0445_ses-01_dwi.sz	128 128 55	1.79688 1.79688 2	11/94	1150	1.036633	0.873265	0.623592	0	0
sub-0446_ses-01_dwi.sz	128 128 55	1.79688 1.79688 2	11/94	1150	1.015623	0.887647	0.590382	1	0
sub-0447_ses-01_dwi.sz	128 128 55	1.79688 1.79688 2	11/94	1150	1.050792	0.879219	0.63213	0	0
sub-0450_ses-01_dwi.sz	128 128 55	1.79688 1.79688 2	11/94	1150	1.063483	0.872476	0.611223	80	0
sub-0451_ses-01_dwi.sz	128 128 55	1.79688 1.79688 2	11/94	1150	1.037431	0.868129	0.535445	164	0
sub-0452_ses-01_dwi.sz	128 128 55	1.79688 1.79688 2	11/94	1150	1.25329	0.86005	0.749469	107	0
sub-0452_ses-02_dwi.sz	128 128 55	1.79688 1.79688 2	11/94	1150	1.319461	0.83234	0.612978	172	0
sub-0455_ses-01_dwi.sz	128 128 55	1.79688 1.79688 2	11/94	1150	1.359276	0.898222	0.778118	1	0
sub-0456_ses-01_dwi.sz	128 128 55	1.79688 1.79688 2	11/94	1150	1.030762	0.859928	0.630502	370	0
sub-0457_ses-01_dwi.sz	128 128 55	1.79688 1.79688 2	11/94	1150	1.034187	0.857606	0.607985	99	0
sub-0458_ses-01_dwi.sz	128 128 55	1.79688 1.79688 2	11/94	1150	1.207052	0.787536	0.541815	203	0
sub-0460_ses-01_dwi.sz	128 128 55	1.79688 1.79688 2	11/94	1150	1.249984	0.761072	0.695481	417	0
sub-0461_ses-01_dwi.sz	128 128 55	1.79688 1.79688 2	11/94	1150	1.019292	0.899559	0.629557	15	0
sub-0462_ses-01_dwi.sz	128 128 55	1.79688 1.79688 2	11/94	1150	1.324423	0.820547	0.574416	235	0
sub-0463_ses-01_dwi.sz	128 128 55	1.79688 1.79688 2	11/94	1150	1.105299	0.843309	0.569655	45	0
sub-0464_ses-01_dwi.sz	128 128 55	1.79688 1.79688 2	11/94	1150	1.067297	0.868583	0.613229	1	0
sub-0465_ses-01_dwi.sz	128 128 55	1.79688 1.79688 2	11/94	1150	1.026589	0.856885	0.626272	198	0
sub-0466_ses-01_dwi.sz	128 128 55	1.79688 1.79688 2	11/94	1150	1.296661	0.870356	0.705054	5	0
sub-0468_ses-01_dwi.sz	128 128 55	1.79688 1.79688 2	11/94	1150	1.065782	0.880152	0.548037	42	0
sub-0469_ses-01_dwi.sz	128 128 55	1.79688 1.79688 2	11/94	1150	1.322321	0.894446	0.772259	65	0
sub-0470_ses-01_dwi.sz	128 128 55	1.79688 1.79688 2	11/94	1150	1.321593	0.856616	0.754289	86	0
sub-0474_ses-01_dwi.sz	128 128 55	1.79688 1.79688 2	11/94	1150	1.33552	0.886482	0.769334	11	0
sub-0475_ses-01_dwi.sz	128 128 55	1.79688 1.79688 2	11/94	1150	1.020353	0.816441	0.637268	527	0
sub-0477_ses-01_dwi.sz	128 128 55	1.79688 1.79688 2	11/94	1150	1.038918	0.8173	0.594585	44	0
sub-0479_ses-01_dwi.sz	128 128 55	1.79688 1.79688 2	11/94	1150	1.039355	0.886277	0.633988	10	0
sub-0480_ses-01_dwi.sz	128 128 55	1.79688 1.79688 2	11/94	1150	1.034253	0.8495	0.648053	1	0
sub-0481_ses-01_dwi.sz	128 128 55	1.79688 1.79688 2	11/94	1150	1.036416	0.873428	0.592356	50	0
sub-0481_ses-02_dwi.sz	128 128 55	1.79688 1.79688 2	11/94	1150	1.041734	0.842725	0.490407	232	0
sub-0483_ses-01_dwi.sz	128 128 55	1.79688 1.79688 2	11/94	1150	1.061699	0.838316	0.574838	39	0
sub-0484_ses-01_dwi.sz	128 128 55	1.79688 1.79688 2	11/94	1150	1.040307	0.863636	0.650045	49	0
sub-0486_ses-01_dwi.sz	128 128 55	1.79688 1.79688 2	11/94	1150	1.09366	0.819045	0.450811	1516	0
sub-0487_ses-01_dwi.sz	128 128 55	1.79688 1.79688 2	11/94	1150	1.052179	0.868362	0.657174	130	0
sub-0489_ses-01_dwi.sz	128 128 55	1.79688 1.79688 2	11/94	1150	1.270156	0.855671	0.768019	85	0
sub-0490_ses-01_dwi.sz	128 128 55	1.79688 1.79688 2	11/94	1150	1.03516	0.842983	0.604825	220	0
sub-0491_ses-01_dwi.sz	128 128 55	1.79688 1.79688 2	11/94	1150	1.201726	0.855991	0.741376	48	0
sub-0492_ses-01_dwi.sz	128 128 55	1.79688 1.79688 2	11/94	1150	1.228951	0.859123	0.760768	94	0
sub-0493_ses-01_dwi.sz	128 128 55	1.79688 1.79688 2	11/94	1150	1.28644	0.844732	0.720915	77	0
sub-0494_ses-01_dwi.sz	128 128 55	1.79688 1.79688 2	11/94	1150	1.340814	0.876199	0.792407	93	0
sub-0495_ses-01_dwi.sz	128 128 55	1.79688 1.79688 2	11/94	1150	1.030904	0.879168	0.58487	5	0
sub-0496_ses-01_dwi.sz	128 128 55	1.79688 1.79688 2	11/94	1150	1.033628	0.884416	0.564541	3	0
sub-0499_ses-01_dwi.sz	128 128 55	1.79688 1.79688 2	11/94	1150	1.003813	0.874833	0.582	0	0
sub-0500_ses-01_dwi.sz	128 128 55	1.79688 1.79688 2	11/94	1150	1.01387	0.786658	0.64218	1013	0
sub-0501_ses-01_dwi.sz	128 128 55	1.79688 1.79688 2	11/94	1150	1.304997	0.847824	0.684837	54	0
sub-0502_ses-01_dwi.sz	128 128 55	1.79688 1.79688 2	11/94	1150	1.301134	0.846948	0.673524	239	0
sub-0503_ses-01_dwi.sz	128 128 55	1.79688 1.79688 2	11/94	1150	1.035357	0.871516	0.591609	30	0
sub-0504_ses-01_dwi.sz	128 128 55	1.79688 1.79688 2	11/94	1150	1.045263	0.875514	0.607051	23	0
sub-0506_ses-01_dwi.sz	128 128 55	1.79688 1.79688 2	11/94	1150	1.268816	0.885235	0.79288	208	0
sub-0507_ses-01_dwi.sz	128 128 55	1.79688 1.79688 2	11/94	1150	1.23425	0.844858	0.681492	29	0
sub-0508_ses-01_dwi.sz	128 128 55	1.79688 1.79688 2	11/94	1150	1.232324	0.901228	0.817636	60	0
sub-0509_ses-01_dwi.sz	128 128 55	1.79688 1.79688 2	11/94	1150	1.037036	0.869862	0.582562	32	0
sub-0514_ses-01_dwi.sz	128 128 55	1.79688 1.79688 2	11/94	1150	1.039651	0.848304	0.598907	342	0
sub-0514_ses-02_dwi.sz	128 128 55	1.79688 1.79688 2	11/94	1150	1.049312	0.868053	0.572755	72	0
sub-0516_ses-01_dwi.sz	128 128 55	1.79688 1.79688 2	11/94	1150	1.046736	0.881128	0.59566	7	0
sub-0517_ses-01_dwi.sz	128 128 55	1.79688 1.79688 2	11/94	1150	1.019435	0.877054	0.587173	20	0
sub-0518_ses-01_dwi.sz	128 128 55	1.79688 1.79688 2	11/94	1150	1.04197	0.869438	0.618951	3	0
sub-0519_ses-01_dwi.sz	128 128 55	1.79688 1.79688 2	11/94	1150	1.029302	0.875736	0.626956	2	0
sub-0520_ses-01_dwi.sz	128 128 55	1.79688 1.79688 2	11/94	1150	1.042074	0.894455	0.623274	0	0
sub-0521_ses-01_dwi.sz	128 128 55	1.79688 1.79688 2	11/94	1150	1.04877	0.863654	0.620906	42	0
sub-0523_ses-01_dwi.sz	128 128 55	1.79688 1.79688 2	11/94	1150	1.334258	0.815192	0.5939	15	0
sub-0525_ses-01_dwi.sz	128 128 55	1.79688 1.79688 2	11/94	1150	1.300599	0.840092	0.679145	3	0
sub-0526_ses-01_dwi.sz	128 128 55	1.79688 1.79688 2	11/94	1150	1.044867	0.880364	0.643353	1	0
sub-0528_ses-01_dwi.sz	128 128 55	1.79688 1.79688 2	11/94	1150	1.022887	0.875606	0.631536	19	0
sub-0529_ses-01_dwi.sz	128 128 55	1.79688 1.79688 2	11/94	1150	1.046662	0.853836	0.609232	205	0
sub-0530_ses-01_dwi.sz	128 128 55	1.79688 1.79688 2	11/94	1150	1.392844	0.891723	0.78418	0	0
sub-0531_ses-01_dwi.sz	128 128 55	1.79688 1.79688 2	11/94	1150	1.28933	0.804997	0.748481	193	0
sub-0532_ses-01_dwi.sz	128 128 55	1.79688 1.79688 2	11/94	1150	1.050825	0.849212	0.507843	13	0
sub-0533_ses-01_dwi.sz	128 128 55	1.79688 1.79688 2	11/94	1150	1.052073	0.887252	0.57083	3	0
sub-0535_ses-01_dwi.sz	128 128 55	1.79688 1.79688 2	11/94	1150	1.058223	0.833488	0.523812	57	0
sub-0536_ses-01_dwi.sz	128 128 55	1.79688 1.79688 2	11/94	1150	1.039508	0.867741	0.603146	30	0
sub-0537_ses-01_dwi.sz	128 128 55	1.79688 1.79688 2	11/94	1150	1.044757	0.86485	0.647401	3	0
sub-0538_ses-01_dwi.sz	128 128 55	1.79688 1.79688 2	11/94	1150	1.046567	0.862731	0.579035	6	0
sub-0539_ses-01_dwi.sz	128 128 55	1.79688 1.79688 2	11/94	1150	0.990188	0.868556	0.555474	8	0
sub-0540_ses-01_dwi.sz	128 128 55	1.79688 1.79688 2	11/94	1150	1.347617	0.871242	0.760704	5	0
sub-0541_ses-01_dwi.sz	128 128 55	1.79688 1.79688 2	11/94	1150	1.253338	0.906905	0.843925	3	0
sub-0547_ses-01_dwi.sz	128 128 55	1.79688 1.79688 2	11/94	1150	1.023863	0.881688	0.585477	10	0
sub-0548_ses-01_dwi.sz	128 128 55	1.79688 1.79688 2	11/94	1150	1.057361	0.783601	0.428937	2376	1
sub-0550_ses-01_dwi.sz	128 128 55	1.79688 1.79688 2	11/94	1150	1.037939	0.867481	0.584164	22	0
sub-0551_ses-01_dwi.sz	128 128 55	1.79688 1.79688 2	11/94	1150	1.277894	0.874076	0.754189	4	0
sub-0552_ses-01_dwi.sz	128 128 55	1.79688 1.79688 2	11/94	1150	1.038449	0.858684	0.631174	1	0
sub-0554_ses-01_dwi.sz	128 128 55	1.79688 1.79688 2	11/94	1150	1.021037	0.893032	0.610407	14	0
sub-0555_ses-01_dwi.sz	128 128 55	1.79688 1.79688 2	11/94	1150	1.031657	0.838341	0.556352	270	0
sub-0557_ses-01_dwi.sz	128 128 55	1.79688 1.79688 2	11/94	1150	1.074475	0.876869	0.57497	5	0
sub-0558_ses-01_dwi.sz	128 128 55	1.79688 1.79688 2	11/94	1150	1.025086	0.871053	0.579494	31	0
sub-0559_ses-01_dwi.sz	128 128 55	1.79688 1.79688 2	11/94	1150	1.031351	0.883957	0.583263	25	0
sub-0560_ses-01_dwi.sz	128 128 55	1.79688 1.79688 2	11/94	1150	1.268119	0.723516	0.567811	822	0
sub-0561_ses-01_dwi.sz	128 128 55	1.79688 1.79688 2	11/94	1150	1.289922	0.891487	0.81238	87	0
sub-0562_ses-01_dwi.sz	128 128 55	1.79688 1.79688 2	11/94	1150	1.304631	0.883113	0.788358	1	0
sub-0563_ses-01_dwi.sz	128 128 55	1.79688 1.79688 2	11/94	1150	1.256683	0.82827	0.579977	155	0
sub-0566_ses-01_dwi.sz	128 128 55	1.79688 1.79688 2	11/94	1150	1.29723	0.864521	0.712671	25	0
sub-0567_ses-01_dwi.sz	128 128 55	1.79688 1.79688 2	11/94	1150	1.04836	0.827979	0.598631	14	0
sub-0569_ses-01_dwi.sz	128 128 55	1.79688 1.79688 2	11/94	1150	1.033425	0.869792	0.624689	98	0
sub-0570_ses-01_dwi.sz	128 128 55	1.79688 1.79688 2	11/94	1150	1.025751	0.882071	0.676005	2	0
sub-0571_ses-01_dwi.sz	128 128 55	1.79688 1.79688 2	11/94	1150	1.04179	0.861727	0.558218	21	0
sub-0572_ses-01_dwi.sz	128 128 55	1.79688 1.79688 2	11/94	1150	1.027585	0.851282	0.541122	99	0
sub-0573_ses-01_dwi.sz	128 128 55	1.79688 1.79688 2	11/94	1150	1.018214	0.822971	0.533214	302	0
sub-0574_ses-01_dwi.sz	128 128 55	1.79688 1.79688 2	11/94	1150	1.0159	0.850476	0.630659	126	0
sub-0575_ses-01_dwi.sz	128 128 55	1.79688 1.79688 2	11/94	1150	1.049764	0.880362	0.592491	7	0
sub-0576_ses-01_dwi.sz	128 128 55	1.79688 1.79688 2	11/94	1150	1.028124	0.882193	0.573482	0	0
sub-0577_ses-01_dwi.sz	128 128 55	1.79688 1.79688 2	11/94	1150	1.020327	0.88956	0.675021	98	0
sub-0578_ses-02_dwi.sz	128 128 55	1.79688 1.79688 2	11/94	1150	1.029513	0.890341	0.616669	1	0
sub-0579_ses-01_dwi.sz	128 128 55	1.79688 1.79688 2	11/94	1150	1.32492	0.855128	0.734864	209	0
sub-0580_ses-01_dwi.sz	128 128 55	1.79688 1.79688 2	11/94	1150	1.049095	0.693885	0.554248	1325	0
sub-0581_ses-01_dwi.sz	128 128 55	1.79688 1.79688 2	11/94	1150	1.014732	0.883691	0.628236	1	0
sub-0583_ses-01_dwi.sz	128 128 55	1.79688 1.79688 2	11/94	1150	1.021626	0.824934	0.527926	953	0
sub-0584_ses-01_dwi.sz	128 128 55	1.79688 1.79688 2	11/94	1150	1.257256	0.805334	0.730238	228	0
sub-0585_ses-01_dwi.sz	128 128 55	1.79688 1.79688 2	11/94	1150	1.040679	0.882596	0.623154	28	0
sub-0586_ses-01_dwi.sz	128 128 55	1.79688 1.79688 2	11/94	1150	1.276518	0.907213	0.826032	2	0
sub-0588_ses-01_dwi.sz	128 128 55	1.79688 1.79688 2	11/94	1150	1.01629	0.880807	0.622873	13	0
sub-0589_ses-01_dwi.sz	128 128 55	1.79688 1.79688 2	11/94	1150	1.059323	0.875372	0.603447	0	0
sub-0590_ses-01_dwi.sz	128 128 55	1.79688 1.79688 2	11/94	1150	1.026506	0.898285	0.628896	1	0
sub-0592_ses-01_dwi.sz	128 128 55	1.79688 1.79688 2	11/94	1150	1.335112	0.749547	0.4904	263	0
sub-0593_ses-01_dwi.sz	128 128 55	1.79688 1.79688 2	11/94	1150	1.022832	0.855001	0.637764	32	0
sub-0594_ses-01_dwi.sz	128 128 55	1.79688 1.79688 2	11/94	1150	1.072256	0.871286	0.599215	0	0
sub-0596_ses-01_dwi.sz	128 128 55	1.79688 1.79688 2	11/94	1150	1.016926	0.881683	0.619271	140	0
sub-0597_ses-01_dwi.sz	128 128 55	1.79688 1.79688 2	11/94	1150	1.044571	0.881466	0.552644	511	0
sub-0598_ses-01_dwi.sz	128 128 55	1.79688 1.79688 2	11/94	1150	1.020242	0.799067	0.585123	1191	0
sub-0599_ses-01_dwi.sz	128 128 55	1.79688 1.79688 2	11/94	1150	1.2758	0.870473	0.763353	56	0
sub-0600_ses-01_dwi.sz	128 128 55	1.79688 1.79688 2	11/94	1150	1.036535	0.770431	0.578124	778	0
sub-0602_ses-01_dwi.sz	128 128 55	1.79688 1.79688 2	11/94	1150	1.290648	0.839058	0.658249	91	0
sub-0603_ses-01_dwi.sz	128 128 55	1.79688 1.79688 2	11/94	1150	1.024036	0.857166	0.521897	70	0
sub-0604_ses-01_dwi.sz	128 128 55	1.79688 1.79688 2	11/94	1150	1.325263	0.881101	0.786258	67	0
sub-0606_ses-01_dwi.sz	128 128 55	1.79688 1.79688 2	11/94	1150	1.30387	0.860014	0.769784	61	0
sub-0607_ses-01_dwi.sz	128 128 55	1.79688 1.79688 2	11/94	1150	1.052881	0.880951	0.609635	0	0
sub-0608_ses-01_dwi.sz	128 128 55	1.79688 1.79688 2	11/94	1150	1.019692	0.846389	0.59376	157	0
sub-0609_ses-01_dwi.sz	128 128 55	1.79688 1.79688 2	11/94	1150	1.04787	0.886176	0.643193	6	0
sub-0611_ses-02_dwi.sz	128 128 55	1.79688 1.79688 2	11/94	1150	1.025845	0.865907	0.656066	142	0
sub-0612_ses-01_dwi.sz	128 128 55	1.79688 1.79688 2	11/94	1150	1.041234	0.824042	0.597646	23	0
sub-0614_ses-01_dwi.sz	128 128 55	1.79688 1.79688 2	11/94	1150	1.062923	0.853225	0.536719	113	0
sub-0615_ses-01_dwi.sz	128 128 55	1.79688 1.79688 2	11/94	1150	1.037342	0.656719	0.578738	1574	0
sub-0616_ses-01_dwi.sz	128 128 55	1.79688 1.79688 2	11/94	1150	1.03445	0.884442	0.628579	1	0
sub-0617_ses-01_dwi.sz	128 128 55	1.79688 1.79688 2	11/94	1150	1.026181	0.872261	0.597768	51	0
sub-0618_ses-01_dwi.sz	128 128 55	1.79688 1.79688 2	11/94	1150	1.060896	0.86977	0.59943	0	0
sub-0619_ses-01_dwi.sz	128 128 55	1.79688 1.79688 2	11/94	1150	1.024069	0.858929	0.647373	33	0
sub-0621_ses-01_dwi.sz	128 128 55	1.79688 1.79688 2	11/94	1150	1.401289	0.877941	0.772947	3	0
sub-0622_ses-01_dwi.sz	128 128 55	1.79688 1.79688 2	11/94	1150	1.023844	0.879974	0.62651	13	0
sub-0623_ses-01_dwi.sz	128 128 55	1.79688 1.79688 2	11/94	1150	1.034204	0.888826	0.633071	4	0
sub-0625_ses-01_dwi.sz	128 128 55	1.79688 1.79688 2	11/94	1150	1.034787	0.858676	0.624381	24	0
sub-0628_ses-01_dwi.sz	128 128 55	1.79688 1.79688 2	11/94	1150	1.035345	0.865306	0.605308	13	0
sub-0629_ses-01_dwi.sz	128 128 55	1.79688 1.79688 2	11/94	1150	1.036927	0.801295	0.628066	424	0
sub-0630_ses-01_dwi.sz	128 128 55	1.79688 1.79688 2	11/94	1150	1.04164	0.870436	0.61899	5	0
sub-0631_ses-01_dwi.sz	128 128 55	1.79688 1.79688 2	11/94	1150	1.288158	0.853988	0.75756	95	0
sub-0632_ses-01_dwi.sz	128 128 55	1.79688 1.79688 2	11/94	1150	1.316612	0.851034	0.701336	5	0
sub-0634_ses-01_dwi.sz	128 128 55	1.79688 1.79688 2	11/94	1150	1.02514	0.869442	0.631497	58	0
sub-0637_ses-01_dwi.sz	128 128 55	1.79688 1.79688 2	11/94	1150	1.039598	0.87656	0.573264	21	0
sub-0638_ses-01_dwi.sz	128 128 55	1.79688 1.79688 2	11/94	1150	1.265004	0.797765	0.602839	124	0
sub-0639_ses-01_dwi.sz	128 128 55	1.79688 1.79688 2	11/94	1150	1.287583	0.892274	0.799086	0	0
sub-0640_ses-01_dwi.sz	128 128 55	1.79688 1.79688 2	11/94	1150	1.2848	0.868809	0.772487	3	0
sub-0642_ses-01_dwi.sz	128 128 55	1.79688 1.79688 2	11/94	1150	1.239151	0.82703	0.600307	195	0
sub-0642_ses-02_dwi.sz	128 128 55	1.79688 1.79688 2	11/94	1150	1.334524	0.850135	0.629695	48	0
sub-0643_ses-01_dwi.sz	128 128 55	1.79688 1.79688 2	11/94	1150	1.341877	0.882373	0.783332	34	0
sub-0644_ses-01_dwi.sz	128 128 55	1.79688 1.79688 2	11/94	1150	1.03407	0.869392	0.573547	27	0
sub-0648_ses-01_dwi.sz	128 128 55	1.79688 1.79688 2	11/94	1150	1.304213	0.860814	0.742169	23	0
sub-0649_ses-01_dwi.sz	128 128 55	1.79688 1.79688 2	11/94	1150	1.051254	0.87762	0.595233	4	0
sub-0651_ses-01_dwi.sz	128 128 55	1.79688 1.79688 2	11/94	1150	1.017852	0.882168	0.649436	15	0
sub-0653_ses-01_dwi.sz	128 128 55	1.79688 1.79688 2	11/94	1150	1.048443	0.884456	0.597851	0	0
sub-0653_ses-02_dwi.sz	128 128 55	1.79688 1.79688 2	11/94	1150	1.445343	0.892617	0.789558	0	0
sub-0655_ses-01_dwi.sz	128 128 55	1.79688 1.79688 2	11/94	1150	1.039058	0.862948	0.603368	51	0
sub-0655_ses-02_dwi.sz	128 128 55	1.79688 1.79688 2	11/94	1150	1.021197	0.88291	0.648229	15	0
sub-0656_ses-01_dwi.sz	128 128 55	1.79688 1.79688 2	11/94	1150	1.014272	0.85426	0.632729	115	0
sub-0657_ses-01_dwi.sz	128 128 55	1.79688 1.79688 2	11/94	1150	1.367906	0.8392	0.669373	41	0
sub-0659_ses-01_dwi.sz	128 128 55	1.79688 1.79688 2	11/94	1150	1.018115	0.810426	0.618638	869	0
sub-0660_ses-01_dwi.sz	128 128 55	1.79688 1.79688 2	11/94	1150	1.055102	0.873444	0.574358	38	0
sub-0661_ses-01_dwi.sz	128 128 55	1.79688 1.79688 2	11/94	1150	1.04764	0.879876	0.589342	0	0
sub-0663_ses-01_dwi.sz	128 128 55	1.79688 1.79688 2	11/94	1150	1.038899	0.85689	0.592689	3	0
sub-0664_ses-01_dwi.sz	128 128 55	1.79688 1.79688 2	11/94	1150	1.249496	0.869728	0.700605	119	0
sub-0665_ses-01_dwi.sz	128 128 55	1.79688 1.79688 2	11/94	1150	1.048003	0.848158	0.526679	3	0
sub-0666_ses-01_dwi.sz	128 128 55	1.79688 1.79688 2	11/94	1150	1.345112	0.878417	0.759935	4	0
sub-0667_ses-01_dwi.sz	128 128 55	1.79688 1.79688 2	11/94	1150	1.345978	0.82833	0.697318	178	0
sub-0668_ses-01_dwi.sz	128 128 55	1.79688 1.79688 2	11/94	1150	1.037441	0.888305	0.591284	15	0
sub-0669_ses-01_dwi.sz	128 128 55	1.79688 1.79688 2	11/94	1150	1.053021	0.758552	0.598069	959	0
sub-0669_ses-02_dwi.sz	128 128 55	1.79688 1.79688 2	11/94	1150	1.036952	0.886248	0.631886	1	0
sub-0670_ses-01_dwi.sz	128 128 55	1.79688 1.79688 2	11/94	1150	1.034866	0.80189	0.571071	389	0
sub-0670_ses-02_dwi.sz	128 128 55	1.79688 1.79688 2	11/94	1150	1.053868	0.785578	0.539834	627	0
sub-0671_ses-01_dwi.sz	128 128 55	1.79688 1.79688 2	11/94	1150	1.015704	0.879861	0.644144	71	0
sub-0673_ses-01_dwi.sz	128 128 55	1.79688 1.79688 2	11/94	1150	1.015016	0.891335	0.589008	16	0
sub-0675_ses-01_dwi.sz	128 128 55	1.79688 1.79688 2	11/94	1150	1.081478	0.868527	0.545556	1	0
sub-0679_ses-01_dwi.sz	128 128 55	1.79688 1.79688 2	11/94	1150	1.027682	0.82643	0.556177	884	0
sub-0680_ses-01_dwi.sz	128 128 55	1.79688 1.79688 2	11/94	1150	1.042724	0.866816	0.6015	0	0
sub-0681_ses-01_dwi.sz	128 128 55	1.79688 1.79688 2	11/94	1150	1.023033	0.883967	0.629086	22	0
sub-0683_ses-02_dwi.sz	128 128 55	1.79688 1.79688 2	11/94	1150	1.031462	0.848989	0.610943	319	0
sub-0684_ses-01_dwi.sz	128 128 55	1.79688 1.79688 2	11/94	1150	1.269939	0.88389	0.800272	0	0
sub-0686_ses-01_dwi.sz	128 128 55	1.79688 1.79688 2	11/94	1150	1.065952	0.832639	0.4596	36	0
sub-0687_ses-01_dwi.sz	128 128 55	1.79688 1.79688 2	11/94	1150	1.033974	0.863127	0.635545	84	0
sub-0688_ses-01_dwi.sz	128 128 55	1.79688 1.79688 2	11/94	1150	1.30485	0.87295	0.700232	136	0
sub-0689_ses-01_dwi.sz	128 128 55	1.79688 1.79688 2	11/94	1150	1.039538	0.878106	0.604424	61	0
sub-0690_ses-01_dwi.sz	128 128 55	1.79688 1.79688 2	11/94	1150	1.047976	0.877121	0.544336	540	0
sub-0691_ses-01_dwi.sz	128 128 55	1.79688 1.79688 2	11/94	1150	1.055546	0.84574	0.632262	22	0
sub-0693_ses-01_dwi.sz	128 128 55	1.79688 1.79688 2	11/94	1150	1.280511	0.852871	0.762735	3	0
sub-0694_ses-01_dwi.sz	128 128 55	1.79688 1.79688 2	11/94	1150	1.04902	0.828887	0.63495	245	0
sub-0695_ses-01_dwi.sz	128 128 55	1.79688 1.79688 2	11/94	1150	1.300789	0.840261	0.721322	9	0
sub-0696_ses-01_dwi.sz	128 128 55	1.79688 1.79688 2	11/94	1150	1.053621	0.885754	0.559687	3	0
sub-0698_ses-01_dwi.sz	128 128 55	1.79688 1.79688 2	11/94	1150	1.046779	0.812878	0.602841	366	0
sub-0703_ses-01_dwi.sz	128 128 55	1.79688 1.79688 2	11/94	1150	1.317704	0.889397	0.785185	49	0
sub-0703_ses-02_dwi.sz	128 128 55	1.79688 1.79688 2	11/94	1150	1.327582	0.898989	0.796546	0	0
sub-0706_ses-01_dwi.sz	128 128 55	1.79688 1.79688 2	11/94	1150	1.056485	0.882552	0.587712	21	0
sub-0709_ses-01_dwi.sz	128 128 55	1.79688 1.79688 2	11/94	1150	1.044866	0.866946	0.545198	106	0
sub-0710_ses-01_dwi.sz	128 128 55	1.79688 1.79688 2	11/94	1150	1.055279	0.831462	0.532723	198	0
sub-0711_ses-01_dwi.sz	128 128 55	1.79688 1.79688 2	11/94	1150	1.032056	0.894777	0.616623	5	0
sub-0712_ses-01_dwi.sz	128 128 55	1.79688 1.79688 2	11/94	1150	1.358645	0.868425	0.725855	102	0
sub-0713_ses-01_dwi.sz	128 128 55	1.79688 1.79688 2	11/94	1150	1.033708	0.873673	0.599534	20	0
sub-0714_ses-01_dwi.sz	128 128 55	1.79688 1.79688 2	11/94	1150	1.033785	0.861845	0.652436	4	0
sub-0715_ses-01_dwi.sz	128 128 55	1.79688 1.79688 2	11/94	1150	1.030035	0.882941	0.566121	46	0
sub-0716_ses-01_dwi.sz	128 128 55	1.79688 1.79688 2	11/94	1150	1.027214	0.88667	0.602426	173	0
sub-0717_ses-01_dwi.sz	128 128 55	1.79688 1.79688 2	11/94	1150	1.0416	0.839006	0.659323	28	0
sub-0720_ses-02_dwi.sz	128 128 55	1.79688 1.79688 2	11/94	1150	1.035991	0.880024	0.619933	0	0
sub-0721_ses-01_dwi.sz	128 128 55	1.79688 1.79688 2	11/94	1150	1.043218	0.880262	0.604812	17	0
sub-0722_ses-01_dwi.sz	128 128 55	1.79688 1.79688 2	11/94	1150	1.317929	0.896806	0.807064	7	0
sub-0725_ses-01_dwi.sz	128 128 55	1.79688 1.79688 2	11/94	1150	1.034805	0.884214	0.612502	1	0
sub-0726_ses-01_dwi.sz	128 128 55	1.79688 1.79688 2	11/94	1150	1.025868	0.891563	0.656631	8	0
sub-0726_ses-02_dwi.sz	128 128 55	1.79688 1.79688 2	11/94	1150	1.307658	0.879195	0.78456	1	0
sub-0727_ses-01_dwi.sz	128 128 55	1.79688 1.79688 2	11/94	1150	1.01445	0.880983	0.605996	149	0
sub-0728_ses-01_dwi.sz	128 128 55	1.79688 1.79688 2	11/94	1150	1.320071	0.869068	0.777384	48	0
sub-0730_ses-01_dwi.sz	128 128 55	1.79688 1.79688 2	11/94	1150	1.026053	0.862548	0.60234	35	0
sub-0730_ses-02_dwi.sz	128 128 55	1.79688 1.79688 2	11/94	1150	1.053152	0.835653	0.557703	136	0
sub-0731_ses-01_dwi.sz	128 128 55	1.79688 1.79688 2	11/94	1150	1.080876	0.870188	0.546826	46	0
sub-0732_ses-01_dwi.sz	128 128 55	1.79688 1.79688 2	11/94	1150	1.028892	0.879554	0.591118	58	0
sub-0734_ses-01_dwi.sz	128 128 55	1.79688 1.79688 2	11/94	1150	1.040318	0.890988	0.640929	12	0
sub-0735_ses-01_dwi.sz	128 128 55	1.79688 1.79688 2	11/94	1150	1.026231	0.789114	0.551692	932	0
sub-0736_ses-01_dwi.sz	128 128 55	1.79688 1.79688 2	11/94	1150	1.044438	0.8882	0.606462	3	0
sub-0737_ses-01_dwi.sz	128 128 55	1.79688 1.79688 2	11/94	1150	1.039329	0.873461	0.644842	1	0
sub-0738_ses-01_dwi.sz	128 128 55	1.79688 1.79688 2	11/94	1150	1.256263	0.815197	0.748255	199	0
sub-0739_ses-01_dwi.sz	128 128 55	1.79688 1.79688 2	11/94	1150	1.372512	0.887098	0.724853	8	0
sub-0740_ses-01_dwi.sz	128 128 55	1.79688 1.79688 2	11/94	1150	1.263562	0.839635	0.770888	262	0
sub-0743_ses-01_dwi.sz	128 128 55	1.79688 1.79688 2	11/94	1150	1.278858	0.892339	0.796379	116	0
sub-0744_ses-01_dwi.sz	128 128 55	1.79688 1.79688 2	11/94	1150	1.052334	0.872232	0.606189	25	0
sub-0745_ses-01_dwi.sz	128 128 55	1.79688 1.79688 2	11/94	1150	1.298051	0.86863	0.687434	11	0
sub-0747_ses-01_dwi.sz	128 128 55	1.79688 1.79688 2	11/94	1150	1.047901	0.882952	0.623135	1	0
sub-0748_ses-01_dwi.sz	128 128 55	1.79688 1.79688 2	11/94	1150	1.015796	0.887294	0.608647	7	0
sub-0749_ses-01_dwi.sz	128 128 55	1.79688 1.79688 2	11/94	1150	1.049131	0.870224	0.590535	9	0
sub-0751_ses-01_dwi.sz	128 128 55	1.79688 1.79688 2	11/94	1150	1.044874	0.87902	0.585806	6	0
sub-0752_ses-01_dwi.sz	128 128 55	1.79688 1.79688 2	11/94	1150	1.060717	0.873157	0.540948	7	0
sub-0755_ses-01_dwi.sz	128 128 55	1.79688 1.79688 2	11/94	1150	1.029443	0.852842	0.646664	29	0
sub-0758_ses-01_dwi.sz	128 128 55	1.79688 1.79688 2	11/94	1150	1.060263	0.862245	0.556928	1	0
sub-0759_ses-01_dwi.sz	128 128 55	1.79688 1.79688 2	11/94	1150	1.034688	0.875413	0.611851	3	0
sub-0760_ses-01_dwi.sz	128 128 55	1.79688 1.79688 2	11/94	1150	1.052744	0.876075	0.635484	5	0
sub-0763_ses-01_dwi.sz	128 128 55	1.79688 1.79688 2	11/94	1150	1.345897	0.868852	0.768639	122	0
sub-0765_ses-01_dwi.sz	128 128 55	1.79688 1.79688 2	11/94	1150	1.028759	0.866965	0.60045	7	0
sub-0768_ses-01_dwi.sz	128 128 55	1.79688 1.79688 2	11/94	1150	1.313582	0.896547	0.786785	2	0
sub-0769_ses-01_dwi.sz	128 128 55	1.79688 1.79688 2	11/94	1150	1.035329	0.849482	0.573525	104	0
sub-0770_ses-01_dwi.sz	128 128 55	1.79688 1.79688 2	11/94	1150	1.251543	0.844199	0.749525	17	0
sub-0771_ses-01_dwi.sz	128 128 55	1.79688 1.79688 2	11/94	1150	1.064383	0.871535	0.549065	5	0
sub-0772_ses-01_dwi.sz	128 128 55	1.79688 1.79688 2	11/94	1150	1.046342	0.88475	0.642761	3	0
sub-0773_ses-01_dwi.sz	128 128 55	1.79688 1.79688 2	11/94	1150	1.031969	0.864682	0.642292	0	0
sub-0774_ses-01_dwi.sz	128 128 55	1.79688 1.79688 2	11/94	1150	1.016039	0.852345	0.63698	202	0
sub-0775_ses-01_dwi.sz	128 128 55	1.79688 1.79688 2	11/94	1150	1.02134	0.888825	0.625955	31	0
sub-0780_ses-01_dwi.sz	128 128 55	1.79688 1.79688 2	11/94	1150	1.349123	0.892159	0.780255	32	0
sub-0781_ses-01_dwi.sz	128 128 55	1.79688 1.79688 2	11/94	1150	1.027981	0.880518	0.627574	4	0
sub-0784_ses-01_dwi.sz	128 128 55	1.79688 1.79688 2	11/94	1150	1.385055	0.889507	0.804558	221	0
sub-0785_ses-01_dwi.sz	128 128 55	1.79688 1.79688 2	11/94	1150	1.010968	0.848036	0.570515	52	0
sub-0786_ses-01_dwi.sz	128 128 55	1.79688 1.79688 2	11/94	1150	1.022388	0.857538	0.653149	124	0
sub-0788_ses-01_dwi.sz	128 128 55	1.79688 1.79688 2	11/94	1150	1.053098	0.868007	0.620808	68	0
sub-0790_ses-01_dwi.sz	128 128 55	1.79688 1.79688 2	11/94	1150	1.042177	0.83978	0.63298	209	0
sub-0792_ses-01_dwi.sz	128 128 55	1.79688 1.79688 2	11/94	1150	1.384982	0.906157	0.80532	75	0
sub-0795_ses-01_dwi.sz	128 128 55	1.79688 1.79688 2	11/94	1150	1.069721	0.879923	0.608622	41	0
sub-0796_ses-01_dwi.sz	128 128 55	1.79688 1.79688 2	11/94	1150	1.036916	0.868953	0.601367	23	0
sub-0798_ses-01_dwi.sz	128 128 55	1.79688 1.79688 2	11/94	1150	1.258162	0.856396	0.761881	7	0
sub-0799_ses-01_dwi.sz	128 128 55	1.79688 1.79688 2	11/94	1150	1.331254	0.87454	0.742774	55	0
sub-0800_ses-01_dwi.sz	128 128 55	1.79688 1.79688 2	11/94	1150	1.056876	0.851361	0.521151	21	0
sub-0807_ses-01_dwi.sz	128 128 55	1.79688 1.79688 2	11/94	1150	1.047915	0.878652	0.655395	4	0
sub-0813_ses-01_dwi.sz	128 128 55	1.79688 1.79688 2	11/94	1150	1.327603	0.895951	0.796004	13	0
sub-0814_ses-01_dwi.sz	128 128 55	1.79688 1.79688 2	11/94	1150	1.305499	0.841993	0.692636	48	0
sub-0818_ses-01_dwi.sz	128 128 55	1.79688 1.79688 2	11/94	1150	1.366838	0.804724	0.60627	84	0
sub-0822_ses-01_dwi.sz	128 128 55	1.79688 1.79688 2	11/94	1150	1.029313	0.762574	0.620185	1167	0
sub-0823_ses-01_dwi.sz	128 128 55	1.79688 1.79688 2	11/94	1150	1.066	0.852633	0.485472	1203	0
sub-0824_ses-01_dwi.sz	128 128 55	1.79688 1.79688 2	11/94	1150	1.044911	0.895436	0.641116	0	0
sub-0825_ses-01_dwi.sz	128 128 55	1.79688 1.79688 2	11/94	1150	1.348334	0.864595	0.728174	69	0
sub-0826_ses-01_dwi.sz	128 128 55	1.79688 1.79688 2	11/94	1150	1.32934	0.886736	0.783421	0	0
sub-0829_ses-01_dwi.sz	128 128 55	1.79688 1.79688 2	11/94	1150	1.043532	0.880196	0.62582	8	0
sub-0831_ses-01_dwi.sz	128 128 55	1.79688 1.79688 2	11/94	1150	1.040525	0.875093	0.608319	73	0
sub-0834_ses-01_dwi.sz	128 128 55	1.79688 1.79688 2	11/94	1150	1.390713	0.876892	0.778573	83	0
sub-0836_ses-01_dwi.sz	128 128 55	1.79688 1.79688 2	11/94	1150	1.059702	0.873	0.607694	0	0
sub-0837_ses-01_dwi.sz	128 128 55	1.79688 1.79688 2	11/94	1150	1.393257	0.878605	0.775732	0	0
sub-0838_ses-01_dwi.sz	128 128 55	1.79688 1.79688 2	11/94	1150	1.037404	0.878511	0.59833	5	0
sub-0838_ses-02_dwi.sz	128 128 55	1.79688 1.79688 2	11/94	1150	1.325216	0.889332	0.787878	2	0
sub-0839_ses-01_dwi.sz	128 128 55	1.79688 1.79688 2	11/94	1150	1.03171	0.889029	0.629978	0	0
sub-0841_ses-01_dwi.sz	128 128 55	1.79688 1.79688 2	11/94	1150	1.080915	0.869346	0.525478	98	0
sub-0846_ses-01_dwi.sz	128 128 55	1.79688 1.79688 2	11/94	1150	1.258767	0.84261	0.672556	74	0
sub-0851_ses-01_dwi.sz	128 128 55	1.79688 1.79688 2	11/94	1150	1.04872	0.837257	0.579203	155	0
sub-0853_ses-01_dwi.sz	128 128 55	1.79688 1.79688 2	11/94	1150	1.076832	0.875812	0.580643	3	0
sub-0854_ses-01_dwi.sz	128 128 55	1.79688 1.79688 2	11/94	1150	1.056644	0.855296	0.547638	6	0
sub-0855_ses-01_dwi.sz	128 128 55	1.79688 1.79688 2	11/94	1150	1.045326	0.760147	0.573074	676	0
sub-0856_ses-01_dwi.sz	128 128 55	1.79688 1.79688 2	11/94	1150	1.017526	0.896268	0.620393	0	0
sub-0857_ses-01_dwi.sz	128 128 55	1.79688 1.79688 2	11/94	1150	1.085766	0.841534	0.442653	944	1
sub-0859_ses-01_dwi.sz	128 128 55	1.79688 1.79688 2	11/94	1150	1.352611	0.903611	0.794356	76	0
sub-0862_ses-01_dwi.sz	128 128 55	1.79688 1.79688 2	11/94	1150	1.032946	0.883054	0.603903	6	0
sub-0863_ses-01_dwi.sz	128 128 55	1.79688 1.79688 2	11/94	1150	1.050621	0.883563	0.616559	0	0
sub-0864_ses-01_dwi.sz	128 128 55	1.79688 1.79688 2	11/94	1150	1.045729	0.818376	0.58016	104	0
sub-0866_ses-01_dwi.sz	128 128 55	1.79688 1.79688 2	11/94	1150	1.051792	0.873384	0.597103	41	0
sub-0867_ses-01_dwi.sz	128 128 55	1.79688 1.79688 2	11/94	1150	1.208405	0.831536	0.712778	20	0
sub-0869_ses-01_dwi.sz	128 128 55	1.79688 1.79688 2	11/94	1150	1.015097	0.890459	0.589331	5	0
sub-0870_ses-01_dwi.sz	128 128 55	1.79688 1.79688 2	11/94	1150	1.326366	0.892896	0.808065	7	0
sub-0871_ses-01_dwi.sz	128 128 55	1.79688 1.79688 2	11/94	1150	1.280725	0.878791	0.795464	46	0
sub-0872_ses-01_dwi.sz	128 128 55	1.79688 1.79688 2	11/94	1150	1.365807	0.875712	0.760198	82	0
sub-0873_ses-01_dwi.sz	128 128 55	1.79688 1.79688 2	11/94	1150	1.311528	0.863219	0.691645	24	0
sub-0874_ses-01_dwi.sz	128 128 55	1.79688 1.79688 2	11/94	1150	1.345353	0.907538	0.795904	6	0
sub-0875_ses-01_dwi.sz	128 128 55	1.79688 1.79688 2	11/94	1150	1.227171	0.846543	0.77417	170	0
sub-0877_ses-01_dwi.sz	128 128 55	1.79688 1.79688 2	11/94	1150	1.026098	0.844824	0.60226	38	0
sub-0879_ses-01_dwi.sz	128 128 55	1.79688 1.79688 2	11/94	1150	1.29468	0.877745	0.785206	75	0
sub-0881_ses-01_dwi.sz	128 128 55	1.79688 1.79688 2	11/94	1150	1.375979	0.883231	0.799926	14	0
sub-0882_ses-01_dwi.sz	128 128 55	1.79688 1.79688 2	11/94	1150	1.026034	0.876664	0.579623	2	0
sub-0883_ses-01_dwi.sz	128 128 55	1.79688 1.79688 2	11/94	1150	1.037856	0.85452	0.608863	8	0
sub-0883_ses-02_dwi.sz	128 128 55	1.79688 1.79688 2	11/94	1150	1.028112	0.880809	0.617887	0	0
sub-0884_ses-02_dwi.sz	128 128 55	1.79688 1.79688 2	11/94	1150	1.028015	0.825219	0.603762	215	0
sub-0885_ses-01_dwi.sz	128 128 55	1.79688 1.79688 2	11/94	1150	1.076036	0.827566	0.432599	1404	1
sub-0886_ses-01_dwi.sz	128 128 55	1.79688 1.79688 2	11/94	1150	1.036842	0.879407	0.651377	0	0
sub-0887_ses-01_dwi.sz	128 128 55	1.79688 1.79688 2	11/94	1150	1.049162	0.856407	0.584633	0	0
sub-0888_ses-01_dwi.sz	128 128 55	1.79688 1.79688 2	11/94	1150	1.029803	0.804438	0.66618	463	0
sub-0889_ses-01_dwi.sz	128 128 55	1.79688 1.79688 2	11/94	1150	1.061171	0.82526	0.409638	84	1
sub-0890_ses-01_dwi.sz	128 128 55	1.79688 1.79688 2	11/94	1150	1.258916	0.755156	0.655168	543	0
sub-0891_ses-01_dwi.sz	128 128 55	1.79688 1.79688 2	11/94	1150	1.025832	0.877912	0.632908	47	0
sub-0892_ses-01_dwi.sz	128 128 55	1.79688 1.79688 2	11/94	1150	1.300499	0.867209	0.766117	75	0
sub-0893_ses-01_dwi.sz	128 128 55	1.79688 1.79688 2	11/94	1150	1.27211	0.892354	0.794164	2	0
sub-0896_ses-01_dwi.sz	128 128 55	1.79688 1.79688 2	11/94	1150	1.035295	0.837966	0.622079	26	0
sub-0899_ses-01_dwi.sz	128 128 55	1.79688 1.79688 2	11/94	1150	1.030394	0.896392	0.663208	0	0
sub-0900_ses-01_dwi.sz	128 128 55	1.79688 1.79688 2	11/94	1150	1.041566	0.87595	0.66136	43	0
sub-0901_ses-01_dwi.sz	128 128 55	1.79688 1.79688 2	11/94	1150	1.03954	0.886647	0.624159	0	0
sub-0903_ses-01_dwi.sz	128 128 55	1.79688 1.79688 2	11/94	1150	1.055324	0.876274	0.579139	54	0
sub-0906_ses-01_dwi.sz	128 128 55	1.79688 1.79688 2	11/94	1150	1.038992	0.836715	0.621625	87	0
sub-0909_ses-01_dwi.sz	128 128 55	1.79688 1.79688 2	11/94	1150	1.044346	0.880806	0.626792	4	0
sub-0910_ses-01_dwi.sz	128 128 55	1.79688 1.79688 2	11/94	1150	1.040533	0.857791	0.652045	6	0
sub-0911_ses-01_dwi.sz	128 128 55	1.79688 1.79688 2	11/94	1150	1.037441	0.867064	0.570531	4	0
sub-0912_ses-01_dwi.sz	128 128 55	1.79688 1.79688 2	11/94	1150	1.255036	0.859449	0.757819	52	0
sub-0913_ses-01_dwi.sz	128 128 55	1.79688 1.79688 2	11/94	1150	1.36685	0.880523	0.778064	1	0
sub-0914_ses-01_dwi.sz	128 128 55	1.79688 1.79688 2	11/94	1150	1.043937	0.884094	0.658021	5	0
sub-0915_ses-01_dwi.sz	128 128 55	1.79688 1.79688 2	11/94	1150	1.342623	0.905747	0.800828	107	0
sub-0916_ses-02_dwi.sz	128 128 55	1.79688 1.79688 2	11/94	1150	1.272542	0.882179	0.797099	0	0
sub-0918_ses-01_dwi.sz	128 128 55	1.79688 1.79688 2	11/94	1150	1.050924	0.879008	0.619451	13	0
sub-0919_ses-01_dwi.sz	128 128 55	1.79688 1.79688 2	11/94	1150	1.033749	0.869677	0.587859	1	0
sub-0920_ses-01_dwi.sz	128 128 55	1.79688 1.79688 2	11/94	1150	1.010788	0.847769	0.604022	84	0
sub-0921_ses-01_dwi.sz	128 128 55	1.79688 1.79688 2	11/94	1150	1.038067	0.891024	0.605299	9	0
sub-0922_ses-01_dwi.sz	128 128 55	1.79688 1.79688 2	11/94	1150	1.019817	0.874037	0.576596	0	0
sub-0923_ses-01_dwi.sz	128 128 55	1.79688 1.79688 2	11/94	1150	1.078289	0.839783	0.54897	3	0
sub-0926_ses-01_dwi.sz	128 128 55	1.79688 1.79688 2	11/94	1150	1.055545	0.867381	0.595694	221	0
sub-0926_ses-02_dwi.sz	128 128 55	1.79688 1.79688 2	11/94	1150	1.042196	0.857871	0.621511	284	0
sub-0927_ses-01_dwi.sz	128 128 55	1.79688 1.79688 2	11/94	1150	1.075991	0.882413	0.551665	12	0
sub-0929_ses-01_dwi.sz	128 128 55	1.79688 1.79688 2	11/94	1150	1.025224	0.880154	0.609625	123	0
sub-0930_ses-01_dwi.sz	128 128 55	1.79688 1.79688 2	11/94	1150	1.035468	0.842983	0.601381	220	0
sub-0931_ses-01_dwi.sz	128 128 55	1.79688 1.79688 2	11/94	1150	1.050369	0.87003	0.599753	1	0
sub-0932_ses-01_dwi.sz	128 128 55	1.79688 1.79688 2	11/94	1150	1.040632	0.86474	0.579887	65	0
sub-0934_ses-01_dwi.sz	128 128 55	1.79688 1.79688 2	11/94	1150	1.051768	0.87753	0.641889	1	0
sub-0935_ses-01_dwi.sz	128 128 55	1.79688 1.79688 2	11/94	1150	1.360749	0.859093	0.750018	1	0
sub-0936_ses-01_dwi.sz	128 128 55	1.79688 1.79688 2	11/94	1150	1.039519	0.838123	0.581452	510	0
sub-0936_ses-02_dwi.sz	128 128 55	1.79688 1.79688 2	11/94	1150	1.037341	0.868692	0.569437	3	0
sub-0937_ses-01_dwi.sz	128 128 55	1.79688 1.79688 2	11/94	1150	1.037809	0.869535	0.643222	23	0
sub-0939_ses-01_dwi.sz	128 128 55	1.79688 1.79688 2	11/94	1150	1.038488	0.887146	0.652137	0	0
sub-0941_ses-01_dwi.sz	128 128 55	1.79688 1.79688 2	11/94	1150	1.036103	0.85564	0.597064	110	0
sub-0942_ses-01_dwi.sz	128 128 55	1.79688 1.79688 2	11/94	1150	1.038857	0.797037	0.590609	103	0
sub-0943_ses-01_dwi.sz	128 128 55	1.79688 1.79688 2	11/94	1150	1.304593	0.835958	0.705599	27	0
sub-0946_ses-01_dwi.sz	128 128 55	1.79688 1.79688 2	11/94	1150	1.333874	0.887283	0.793968	13	0
sub-0947_ses-01_dwi.sz	128 128 55	1.79688 1.79688 2	11/94	1150	1.034394	0.898486	0.606733	19	0
sub-0949_ses-01_dwi.sz	128 128 55	1.79688 1.79688 2	11/94	1150	1.338215	0.832675	0.678954	140	0
sub-0951_ses-01_dwi.sz	128 128 55	1.79688 1.79688 2	11/94	1150	1.097178	0.753693	0.482613	882	0
sub-0952_ses-01_dwi.sz	128 128 55	1.79688 1.79688 2	11/94	1150	1.042838	0.870983	0.578677	34	0
sub-0953_ses-01_dwi.sz	128 128 55	1.79688 1.79688 2	11/94	1150	1.256692	0.851144	0.76517	178	0
sub-0954_ses-01_dwi.sz	128 128 55	1.79688 1.79688 2	11/94	1150	1.041057	0.830271	0.520782	555	0
sub-0956_ses-01_dwi.sz	128 128 55	1.79688 1.79688 2	11/94	1150	1.237673	0.899912	0.824495	1	0
sub-0958_ses-01_dwi.sz	128 128 55	1.79688 1.79688 2	11/94	1150	1.207681	0.833908	0.607328	47	0
sub-0959_ses-01_dwi.sz	128 128 55	1.79688 1.79688 2	11/94	1150	1.037221	0.889173	0.585763	34	0
sub-0959_ses-02_dwi.sz	128 128 55	1.79688 1.79688 2	11/94	1150	1.048669	0.825916	0.568449	354	0
sub-0960_ses-01_dwi.sz	128 128 55	1.79688 1.79688 2	11/94	1150	1.009951	0.890835	0.604001	11	0
sub-0962_ses-01_dwi.sz	128 128 55	1.79688 1.79688 2	11/94	1150	1.048127	0.866887	0.590648	2	0
sub-0963_ses-01_dwi.sz	128 128 55	1.79688 1.79688 2	11/94	1150	1.044557	0.870958	0.577165	82	0
sub-0966_ses-01_dwi.sz	128 128 55	1.79688 1.79688 2	11/94	1150	1.043517	0.873777	0.552726	15	0
sub-0968_ses-01_dwi.sz	128 128 55	1.79688 1.79688 2	11/94	1150	1.05575	0.860652	0.587554	0	0
sub-0969_ses-01_dwi.sz	128 128 55	1.79688 1.79688 2	11/94	1150	1.410604	0.867561	0.684645	15	0
sub-0971_ses-01_dwi.sz	128 128 55	1.79688 1.79688 2	11/94	1150	1.284541	0.87438	0.776911	0	0
sub-0972_ses-01_dwi.sz	128 128 55	1.79688 1.79688 2	11/94	1150	1.041036	0.852954	0.541628	3	0
sub-0974_ses-01_dwi.sz	128 128 55	1.79688 1.79688 2	11/94	1150	1.030501	0.888998	0.614115	2	0
sub-0975_ses-01_dwi.sz	128 128 55	1.79688 1.79688 2	11/94	1150	1.336886	0.882127	0.776404	56	0
sub-0976_ses-01_dwi.sz	128 128 55	1.79688 1.79688 2	11/94	1150	1.322997	0.895689	0.787728	52	0
sub-0978_ses-01_dwi.sz	128 128 55	1.79688 1.79688 2	11/94	1150	1.020051	0.847718	0.629622	82	0
sub-0979_ses-01_dwi.sz	128 128 55	1.79688 1.79688 2	11/94	1150	1.049463	0.836538	0.562456	154	0
sub-0980_ses-01_dwi.sz	128 128 55	1.79688 1.79688 2	11/94	1150	1.089741	0.851344	0.494547	114	0
sub-0981_ses-01_dwi.sz	128 128 55	1.79688 1.79688 2	11/94	1150	1.033749	0.873861	0.621365	0	0
sub-0981_ses-02_dwi.sz	128 128 55	1.79688 1.79688 2	11/94	1150	1.303133	0.854633	0.771473	116	0
sub-0982_ses-01_dwi.sz	128 128 55	1.79688 1.79688 2	11/94	1150	1.377765	0.863099	0.741667	0	0
sub-0983_ses-01_dwi.sz	128 128 55	1.79688 1.79688 2	11/94	1150	1.019972	0.885076	0.650647	17	0
sub-0984_ses-01_dwi.sz	128 128 55	1.79688 1.79688 2	11/94	1150	1.251332	0.867914	0.746187	13	0
sub-0985_ses-01_dwi.sz	128 128 55	1.79688 1.79688 2	11/94	1150	1.023677	0.874249	0.572344	1	0
sub-0986_ses-01_dwi.sz	128 128 55	1.79688 1.79688 2	11/94	1150	1.081966	0.869664	0.635051	11	0
sub-0988_ses-01_dwi.sz	128 128 55	1.79688 1.79688 2	11/94	1150	1.034742	0.897246	0.633754	0	0
sub-0990_ses-01_dwi.sz	128 128 55	1.79688 1.79688 2	11/94	1150	1.03772	0.866076	0.566841	1	0
sub-0991_ses-01_dwi.sz	128 128 55	1.79688 1.79688 2	11/94	1150	1.312828	0.870974	0.764391	13	0
sub-0992_ses-01_dwi.sz	128 128 55	1.79688 1.79688 2	11/94	1150	1.343508	0.863554	0.730625	263	0
sub-0993_ses-02_dwi.sz	128 128 55	1.79688 1.79688 2	11/94	1150	1.288679	0.888466	0.824447	86	0
sub-0994_ses-01_dwi.sz	128 128 55	1.79688 1.79688 2	11/94	1150	1.04569	0.754144	0.599868	642	0
sub-0997_ses-01_dwi.sz	128 128 55	1.79688 1.79688 2	11/94	1150	1.049603	0.829847	0.617433	55	0
sub-0998_ses-01_dwi.sz	128 128 55	1.79688 1.79688 2	11/94	1150	1.270872	0.854877	0.723302	152	0
sub-0998_ses-02_dwi.sz	128 128 55	1.79688 1.79688 2	11/94	1150	1.357381	0.868415	0.742218	29	0
sub-1001_ses-01_dwi.sz	128 128 55	1.79688 1.79688 2	11/94	1150	1.068593	0.850748	0.561798	103	0
sub-1004_ses-01_dwi.sz	128 128 55	1.79688 1.79688 2	11/94	1150	1.258028	0.896767	0.808413	81	0
sub-1005_ses-01_dwi.sz	128 128 55	1.79688 1.79688 2	11/94	1150	1.44719	0.911595	0.814315	3	0
sub-1006_ses-01_dwi.sz	128 128 55	1.79688 1.79688 2	11/94	1150	1.103927	0.863685	0.551707	27	0
sub-1007_ses-01_dwi.sz	128 128 55	1.79688 1.79688 2	11/94	1150	1.282691	0.835925	0.635258	167	0
sub-1008_ses-01_dwi.sz	128 128 55	1.79688 1.79688 2	11/94	1150	1.030786	0.875432	0.612191	72	0
sub-1009_ses-01_dwi.sz	128 128 55	1.79688 1.79688 2	11/94	1150	1.342002	0.867277	0.781704	60	0
sub-1010_ses-01_dwi.sz	128 128 55	1.79688 1.79688 2	11/94	1150	1.019933	0.871788	0.622957	146	0
sub-1011_ses-01_dwi.sz	128 128 55	1.79688 1.79688 2	11/94	1150	1.333177	0.902025	0.821555	2	0
sub-1012_ses-01_dwi.sz	128 128 55	1.79688 1.79688 2	11/94	1150	1.326414	0.823221	0.569836	97	0
sub-1013_ses-01_dwi.sz	128 128 55	1.79688 1.79688 2	11/94	1150	1.03696	0.885494	0.57159	5	0
sub-1014_ses-01_dwi.sz	128 128 55	1.79688 1.79688 2	11/94	1150	1.25223	0.777893	0.639774	130	0
sub-1015_ses-01_dwi.sz	128 128 55	1.79688 1.79688 2	11/94	1150	1.399286	0.894129	0.79712	0	0
sub-1017_ses-01_dwi.sz	128 128 55	1.79688 1.79688 2	11/94	1150	1.015592	0.897138	0.61018	3	0
sub-1020_ses-01_dwi.sz	128 128 55	1.79688 1.79688 2	11/94	1150	1.03623	0.890659	0.646991	5	0
sub-1021_ses-01_dwi.sz	128 128 55	1.79688 1.79688 2	11/94	1150	1.39513	0.871503	0.69394	10	0
sub-1023_ses-01_dwi.sz	128 128 55	1.79688 1.79688 2	11/94	1150	1.046097	0.886143	0.611935	1	0
sub-1027_ses-01_dwi.sz	128 128 55	1.79688 1.79688 2	11/94	1150	1.033371	0.863009	0.639246	7	0
sub-1028_ses-01_dwi.sz	128 128 55	1.79688 1.79688 2	11/94	1150	1.230266	0.858061	0.751043	4	0
sub-1029_ses-01_dwi.sz	128 128 55	1.79688 1.79688 2	11/94	1150	1.041782	0.859046	0.600371	24	0
sub-1030_ses-01_dwi.sz	128 128 55	1.79688 1.79688 2	11/94	1150	1.026476	0.859942	0.602405	5	0
sub-1031_ses-01_dwi.sz	128 128 55	1.79688 1.79688 2	11/94	1150	1.063802	0.8179	0.634054	95	0
sub-1035_ses-01_dwi.sz	128 128 55	1.79688 1.79688 2	11/94	1150	1.304359	0.851671	0.708141	59	0
sub-1038_ses-01_dwi.sz	128 128 55	1.79688 1.79688 2	11/94	1150	1.051115	0.872837	0.606109	7	0
sub-1039_ses-01_dwi.sz	128 128 55	1.79688 1.79688 2	11/94	1150	1.037886	0.877036	0.587487	0	0
sub-1041_ses-01_dwi.sz	128 128 55	1.79688 1.79688 2	11/94	1150	1.016668	0.867549	0.603471	12	0
sub-1042_ses-01_dwi.sz	128 128 55	1.79688 1.79688 2	11/94	1150	1.387097	0.868464	0.735271	2	0
sub-1044_ses-01_dwi.sz	128 128 55	1.79688 1.79688 2	11/94	1150	1.009749	0.856622	0.547304	154	0
sub-1045_ses-01_dwi.sz	128 128 55	1.79688 1.79688 2	11/94	1150	1.027148	0.878685	0.616564	3	0
sub-1046_ses-01_dwi.sz	128 128 55	1.79688 1.79688 2	11/94	1150	1.049566	0.882267	0.586302	333	0
sub-1047_ses-01_dwi.sz	128 128 55	1.79688 1.79688 2	11/94	1150	1.263849	0.874916	0.779224	16	0
sub-1048_ses-01_dwi.sz	128 128 55	1.79688 1.79688 2	11/94	1150	1.269823	0.89454	0.81567	54	0
sub-1051_ses-01_dwi.sz	128 128 55	1.79688 1.79688 2	11/94	1150	1.30786	0.876652	0.785183	27	0
sub-1053_ses-01_dwi.sz	128 128 55	1.79688 1.79688 2	11/94	1150	1.077964	0.830225	0.454945	1108	0
sub-1053_ses-02_dwi.sz	128 128 55	1.79688 1.79688 2	11/94	1150	1.065172	0.86342	0.542866	4	0
sub-1054_ses-01_dwi.sz	128 128 55	1.79688 1.79688 2	11/94	1150	1.054989	0.880717	0.610109	1	0
sub-1056_ses-01_dwi.sz	128 128 55	1.79688 1.79688 2	11/94	1150	1.079466	0.828818	0.570737	4	0
sub-1057_ses-01_dwi.sz	128 128 55	1.79688 1.79688 2	11/94	1150	1.035673	0.870772	0.613713	0	0
sub-1057_ses-02_dwi.sz	128 128 55	1.79688 1.79688 2	11/94	1150	1.036133	0.841286	0.584151	77	0
sub-1058_ses-01_dwi.sz	128 128 55	1.79688 1.79688 2	11/94	1150	1.025312	0.861741	0.651772	43	0
sub-1059_ses-01_dwi.sz	128 128 55	1.79688 1.79688 2	11/94	1150	1.025094	0.855202	0.622426	7	0
sub-1060_ses-01_dwi.sz	128 128 55	1.79688 1.79688 2	11/94	1150	1.293231	0.909305	0.821063	9	0
sub-1062_ses-01_dwi.sz	128 128 55	1.79688 1.79688 2	11/94	1150	1.029038	0.858006	0.607912	57	0
sub-1062_ses-02_dwi.sz	128 128 55	1.79688 1.79688 2	11/94	1150	1.051361	0.844333	0.573402	44	0
sub-1063_ses-01_dwi.sz	128 128 55	1.79688 1.79688 2	11/94	1150	1.042034	0.772522	0.588229	824	0
sub-1063_ses-02_dwi.sz	128 128 55	1.79688 1.79688 2	11/94	1150	1.05923	0.811121	0.547924	291	0
sub-1066_ses-01_dwi.sz	128 128 55	1.79688 1.79688 2	11/94	1150	1.021753	0.88999	0.674275	3	0
sub-1067_ses-01_dwi.sz	128 128 55	1.79688 1.79688 2	11/94	1150	1.053988	0.831688	0.606369	21	0
sub-1069_ses-01_dwi.sz	128 128 55	1.79688 1.79688 2	11/94	1150	1.042072	0.879139	0.604873	10	0
sub-1069_ses-02_dwi.sz	128 128 55	1.79688 1.79688 2	11/94	1150	1.314431	0.891995	0.806988	0	0
sub-1070_ses-01_dwi.sz	128 128 55	1.79688 1.79688 2	11/94	1150	1.412824	0.866041	0.738608	0	0
sub-1071_ses-01_dwi.sz	128 128 55	1.79688 1.79688 2	11/94	1150	1.038998	0.853381	0.626976	0	0
sub-1072_ses-01_dwi.sz	128 128 55	1.79688 1.79688 2	11/94	1150	1.038813	0.873542	0.592699	1	0
sub-1073_ses-01_dwi.sz	128 128 55	1.79688 1.79688 2	11/94	1150	1.323496	0.897311	0.791375	28	0
sub-1074_ses-01_dwi.sz	128 128 55	1.79688 1.79688 2	11/94	1150	1.285402	0.803514	0.588749	37	0
sub-1077_ses-01_dwi.sz	128 128 55	1.79688 1.79688 2	11/94	1150	1.045387	0.78207	0.587689	702	0
sub-1078_ses-01_dwi.sz	128 128 55	1.79688 1.79688 2	11/94	1150	1.042452	0.882041	0.592489	0	0
sub-1079_ses-01_dwi.sz	128 128 55	1.79688 1.79688 2	11/94	1150	1.295341	0.878953	0.789579	0	0
sub-1080_ses-01_dwi.sz	128 128 55	1.79688 1.79688 2	11/94	1150	1.030844	0.893072	0.60429	0	0
sub-1083_ses-01_dwi.sz	128 128 55	1.79688 1.79688 2	11/94	1150	1.037575	0.880562	0.61058	16	0
sub-1084_ses-01_dwi.sz	128 128 55	1.79688 1.79688 2	11/94	1150	1.029576	0.878177	0.649189	7	0
sub-1084_ses-02_dwi.sz	128 128 55	1.79688 1.79688 2	11/94	1150	1.03055	0.890719	0.661834	0	0
sub-1085_ses-01_dwi.sz	128 128 55	1.79688 1.79688 2	11/94	1150	1.347772	0.855855	0.716179	4	0
sub-1086_ses-01_dwi.sz	128 128 55	1.79688 1.79688 2	11/94	1150	1.322675	0.868451	0.755581	2	0
sub-1088_ses-01_dwi.sz	128 128 55	1.79688 1.79688 2	11/94	1150	1.050465	0.895131	0.604225	1	0
sub-1089_ses-01_dwi.sz	128 128 55	1.79688 1.79688 2	11/94	1150	1.252489	0.845171	0.734528	98	0
sub-1092_ses-01_dwi.sz	128 128 55	1.79688 1.79688 2	11/94	1150	1.044165	0.876417	0.65739	21	0